Player,Team,League,Nationality,Matches,Minutes,Shots on Target Against,Goals Against,Saves,Post-Shot Expected Goals (PSxG),Save Efficiency,Clean Sheets,Completed Long Passes,Attempted Long Passes,Attempted Passes (excluding GK),Attempted Throws,Attempted Goal Kicks,Crosses Faced,Crosses Stopped,Defensive Actions Outside Penalty Area,Pass Length,Goal Kick Length,Distance of Defensive Actions
Aaron Ramsdale,Southampton,Premier League,eng ENG,30,2700,6.27,2.2,4.0,2.12,-0.08,0.1,6.53,20.17,34.2,4.3,6.33,15.23,0.83,0.67,4.32,55.93,17.07
Adrian Rodriguez,Alavés,La Liga,es ESP,2,122,4.43,1.48,2.95,1.11,-0.37,0.74,13.28,35.41,19.18,0.0,17.7,24.34,0.0,0.0,0.0,67.44,
Adrián,Betis,Europa Conference League / La Liga,es ESP,26,2340,3.88,1.38,2.5,1.38,0.0,0.19,2.81,8.62,26.46,4.35,5.46,11.88,0.77,0.88,5.06,32.23,17.19
Aitor Fernández,Osasuna,La Liga,es ESP,1,90,5.0,0.0,5.0,1.2,1.2,1.0,19.0,35.0,34.0,4.0,11.0,14.0,1.0,1.0,5.22,59.9,10.6
Alban Lafont,Nantes,Ligue 1,fr FRA,12,1080,4.08,1.58,2.67,1.4,-0.18,0.17,3.33,11.92,25.75,4.67,4.75,16.67,1.33,0.5,6.31,51.12,14.55
Albert Posiadala,Molde,Europa Conference League,pl POL,6,540,3.17,1.83,1.33,1.48,-0.35,0.17,3.5,8.83,26.33,3.5,4.0,9.67,0.5,1.67,4.0,33.64,16.54
Alberto Paleari,Torino,Serie A,it ITA,1,90,7.0,3.0,4.0,2.2,-0.8,0.0,8.0,12.0,26.0,5.0,6.0,12.0,0.0,5.0,5.96,42.0,27.3
Aleksandr Zarutskiy,Astana FK,Europa Conference League,kz KAZ,1,90,6.0,2.0,4.0,2.4,0.4,0.0,2.0,6.0,19.0,5.0,5.0,18.0,1.0,0.0,7.03,40.8,
Aleksei Ploshchadnyi,FC Noah,Europa Conference League,ru RUS,3,270,6.0,2.33,3.33,2.37,0.03,0.33,3.0,9.67,22.67,4.67,5.67,13.67,0.67,1.33,7.29,32.04,15.7
Alen Sherri,Cagliari,Serie A,al ALB,7,621,4.49,1.59,2.9,1.59,0.0,0.14,4.2,12.17,24.35,3.19,8.26,12.32,0.58,0.72,3.93,37.02,13.46
Alex McCarthy,Southampton,Premier League,eng ENG,5,450,7.4,2.6,4.8,2.52,-0.08,0.0,4.8,10.4,26.4,5.8,4.6,14.8,1.6,0.0,6.16,30.77,
Alex Meret,Napoli,Serie A,it ITA,34,3005,2.52,0.75,1.77,0.75,0.01,0.48,2.64,6.41,31.18,3.5,5.42,11.32,0.63,1.41,3.07,34.92,19.31
Alex Padilla,Athletic Club,La Liga,es ESP,5,321,4.77,1.68,3.36,1.35,-0.34,0.28,7.57,21.87,27.48,4.21,6.17,15.98,0.56,0.84,6.12,64.53,15.93
Alex Palmer,Ipswich Town,Premier League,eng ENG,13,1170,5.46,2.31,3.31,1.94,-0.37,0.0,5.46,14.31,25.31,4.23,7.23,19.15,1.54,1.0,5.36,50.79,13.99
Alexander Meyer,Dortmund,Bundesliga / Champions League,de GER,3,270,4.0,1.33,2.67,1.37,0.03,0.33,3.67,14.0,40.33,2.67,3.67,11.0,1.0,1.0,1.96,57.27,14.87
Alexander Nübel,Stuttgart,Bundesliga / Champions League,de GER,41,3690,3.95,1.61,2.34,1.28,-0.33,0.2,4.49,11.71,35.29,3.95,3.39,11.59,0.63,1.46,3.21,38.52,21.77
Alexander Schlager,RB Salzburg,Champions League,at AUT,4,335,8.33,3.49,4.84,2.82,-0.67,0.0,3.76,13.16,25.52,3.76,5.91,15.31,1.07,2.96,5.2,33.82,21.38
Alexander Schwolow,Union Berlin,Bundesliga,de GER,6,540,4.67,2.17,2.5,1.63,-0.53,0.0,4.67,12.17,27.67,4.33,6.67,14.17,0.0,0.67,4.55,42.55,20.75
Aleš Mandous,Slavia Prague,Europa League,cz CZE,2,180,7.0,2.0,4.5,2.4,0.4,0.0,3.5,9.0,36.0,5.5,3.5,9.5,0.5,1.0,3.84,47.59,16.15
Alisson,Liverpool,Champions League / Premier League,br BRA,34,3048,3.75,0.94,2.86,1.1,0.12,0.35,3.01,8.56,32.45,4.52,2.98,9.39,0.44,1.65,3.9,35.25,18.22
Alphonse Areola,West Ham,Premier League,fr FRA,26,2260,4.58,1.63,3.07,1.41,-0.22,0.2,5.38,15.29,31.38,4.74,7.81,15.69,0.6,1.19,4.76,42.95,18.94
Altay Bayındır,Manchester Utd,Europa League / Premier League,tr TUR,6,540,4.5,1.83,2.83,2.0,0.17,0.33,2.17,12.0,30.0,3.17,5.17,11.67,0.67,1.5,3.2,47.55,15.97
Amir Saipi,Lugano,Europa Conference League,xk KVX,8,720,4.75,1.5,3.25,1.59,0.09,0.38,6.62,15.12,45.75,3.75,5.62,13.25,0.62,0.12,2.41,41.46,13.8
Anatolii Trubin,Benfica,Champions League,ua UKR,12,1080,5.0,1.58,3.42,1.17,-0.42,0.33,1.75,7.83,22.58,5.58,5.42,14.42,0.67,0.67,7.54,34.79,15.41
Andrea Mazza,Monza,Serie A,it ITA,1,8,0.0,0.0,0.0,0.0,0.0,11.25,11.25,22.5,56.25,11.25,22.5,11.25,0.0,0.0,4.8,40.0,
Andriy Lunin,Real Madrid,Champions League / La Liga,ua UKR,9,810,3.56,1.22,2.33,1.26,0.03,0.44,2.56,5.11,20.67,4.44,5.33,8.67,0.67,1.67,5.54,30.15,19.51
André Ferreira,Valladolid,La Liga,pt POR,6,540,6.5,3.33,3.17,2.53,-0.8,0.0,5.0,13.83,23.0,4.33,9.33,15.33,0.67,0.5,6.07,41.73,12.47
André Onana,Manchester Utd,Europa League / Premier League,cm CMR,47,4230,3.83,1.32,2.51,1.29,-0.03,0.23,3.7,12.57,32.7,3.81,4.21,11.66,0.64,0.77,3.57,47.68,19.92
Anthony Lopes,Nantes,Ligue 1,pt POR,18,1563,4.09,1.5,2.65,1.46,-0.03,0.17,5.12,14.8,25.97,3.22,5.53,17.74,0.92,0.46,4.3,49.44,16.1
Anthony Moris,Union SG,Europa League,lu LUX,10,900,3.7,1.1,2.7,1.26,0.16,0.2,7.6,17.6,31.1,2.6,3.4,11.4,0.8,0.5,3.22,40.54,21.68
Antonio Sivera,Alavés,La Liga,es ESP,32,2810,3.59,1.25,2.4,1.25,-0.03,0.26,9.51,23.19,23.54,2.24,7.33,14.51,0.96,0.93,4.37,59.96,18.81
Antonín Kinský,Slavia Prague / Tottenham,Europa League / Premier League,cz CZE,12,1080,4.0,1.5,2.67,1.32,-0.18,0.17,3.92,10.08,34.08,4.75,4.17,12.75,1.0,1.5,4.32,30.14,19.26
Arijanet Muric,Ipswich Town,Premier League,xk KVX,18,1620,5.56,1.83,3.72,1.75,-0.08,0.06,4.22,12.72,29.67,5.22,5.22,13.83,2.17,1.11,5.34,54.64,17.68
Arnau Rafús,Valladolid,La Liga,es ESP,1,90,2.0,2.0,0.0,0.5,-1.5,0.0,7.0,15.0,38.0,5.0,5.0,14.0,1.0,1.0,4.59,39.0,11.4
Arnau Tenas,Paris S-G,Ligue 1,es ESP,1,90,4.0,1.0,3.0,1.5,0.5,0.0,3.0,4.0,30.0,4.0,2.0,5.0,1.0,1.0,3.39,21.5,15.6
Arthur Desmas,Le Havre,Ligue 1,fr FRA,18,1620,5.17,2.11,3.0,2.15,0.04,0.17,3.11,8.39,22.44,4.0,6.5,15.39,0.67,0.39,5.3,29.65,18.96
Augusto Batalla,Rayo Vallecano,La Liga,ar ARG,32,2880,4.16,1.22,2.91,1.26,0.04,0.25,5.53,16.69,30.91,4.03,5.75,14.16,1.09,1.19,4.86,51.06,19.23
Bart Verbruggen,Brighton,Premier League,nl NED,36,3240,3.97,1.61,2.42,1.41,-0.2,0.19,3.39,10.72,34.06,3.39,2.31,11.5,0.75,1.31,2.88,48.52,18.77
Bartłomiej Drągowski,Panathinaikos,Europa Conference League,pl POL,7,630,5.57,1.71,3.86,1.8,0.09,0.29,1.57,7.43,27.43,4.29,4.14,10.43,0.86,1.57,4.09,30.91,16.15
Ben Alexander Voll,St. Pauli,Bundesliga,de GER,2,91,4.95,1.98,2.97,2.37,0.4,0.99,6.92,27.69,36.59,4.95,12.86,14.84,0.0,0.0,6.04,39.7,
Benjamin Lecomte,Montpellier,Ligue 1,fr FRA,29,2610,5.76,2.28,3.55,1.99,-0.29,0.03,6.1,15.48,28.07,3.97,6.34,14.07,0.69,0.9,5.09,42.43,18.76
Benjamin Siegrist,Genoa,Serie A,ch SUI,2,152,7.11,1.18,5.92,1.42,0.0,0.0,3.55,17.76,31.97,5.33,11.25,15.39,0.59,0.59,5.96,46.75,8.0
Bernd Leno,Fulham,Premier League,de GER,38,3420,4.18,1.42,2.79,1.28,-0.14,0.13,3.71,9.66,32.39,4.39,4.53,13.34,0.61,0.87,3.86,41.87,16.38
Brandon Austin,Tottenham,Europa League / Premier League,eng ENG,3,270,3.0,1.33,1.67,1.7,0.37,0.33,2.67,6.33,23.33,5.0,4.33,17.67,2.67,1.33,5.57,37.86,16.1
Brice Samba,Lens / Rennes,Ligue 1,fr FRA,32,2879,4.41,1.28,3.06,1.47,0.19,0.38,4.38,10.66,31.39,3.91,5.56,11.79,1.03,1.16,3.59,34.47,18.85
Bruno Varela,Vitória,Europa Conference League,cv CPV,8,720,4.0,1.5,2.5,1.4,-0.1,0.0,2.62,7.38,25.38,2.12,4.12,8.12,0.38,0.38,2.09,38.36,12.8
Caoimhín Kelleher,Liverpool,Champions League / Premier League,ie IRL,14,1260,3.86,1.07,2.64,1.25,0.18,0.5,2.86,10.57,35.57,4.36,2.57,11.0,0.57,1.14,3.37,37.45,20.83
Christian Walton,Ipswich Town,Premier League,eng ENG,7,630,5.57,2.71,2.86,2.41,-0.3,0.14,6.0,16.57,29.14,5.0,7.29,15.86,1.71,0.29,5.76,44.46,13.75
Christos Mandas,Lazio,Europa League / Serie A,gr GRE,18,1620,3.39,0.83,2.56,1.09,0.26,0.33,5.22,13.61,33.17,3.94,3.28,11.5,1.56,1.89,3.98,43.27,21.73
Colin Coosemans,Anderlecht,Europa League,be BEL,9,810,4.11,1.44,2.67,1.16,-0.29,0.11,5.22,17.22,45.22,4.22,3.67,15.56,0.78,1.22,3.14,40.8,21.02
Connor Roberts,The New Saints,Europa Conference League,wls WAL,6,540,6.83,1.67,5.17,2.37,0.7,0.17,5.33,15.5,33.17,2.0,7.17,16.33,0.83,0.17,1.9,43.33,10.0
Craig Gordon,Hearts,Europa Conference League,sct SCO,6,540,3.83,1.5,2.33,1.42,-0.08,0.17,3.67,14.17,21.17,4.5,7.5,10.5,0.33,0.5,7.52,46.64,18.5
Damjan Šiškovski,Borac Banja Luka,Europa Conference League,mk MKD,1,90,2.0,1.0,1.0,1.0,0.0,0.0,5.0,13.0,23.0,6.0,7.0,11.0,1.0,1.0,7.77,54.1,11.3
Dani Cárdenas,Rayo Vallecano,La Liga,es ESP,6,540,3.33,1.0,2.33,0.95,-0.05,0.33,4.33,17.67,22.0,3.5,7.67,13.17,0.33,0.17,6.95,51.95,13.0
Daniel Bentley,Wolves,Premier League,eng ENG,2,180,6.0,2.0,4.0,1.95,-0.05,0.5,3.5,10.5,26.0,3.0,6.5,12.5,0.0,1.5,2.73,46.39,21.6
Daniel Peretz,Bayern Munich,Bundesliga / Champions League,il ISR,4,360,2.75,1.5,1.25,1.3,-0.2,0.0,2.25,8.0,30.5,1.25,3.0,5.25,0.0,2.0,1.23,27.67,21.51
Daniel Schmidt,Gent,Europa Conference League,jp JPN,1,90,3.0,2.0,1.0,1.8,-0.2,0.0,4.0,9.0,17.0,5.0,3.0,7.0,1.0,1.0,10.06,36.0,15.0
Daniele Padelli,Udinese,Serie A,it ITA,1,90,3.0,0.0,3.0,0.8,0.8,1.0,3.0,7.0,18.0,2.0,2.0,11.0,1.0,0.0,3.39,32.0,
Daniele Sommariva,Genoa,Serie A,it ITA,1,28,9.64,3.21,6.43,2.89,-0.32,0.0,3.21,32.14,28.93,0.0,19.29,61.07,0.0,0.0,0.0,47.5,
Daniil Khudiakov,Sturm Graz,Champions League,ru RUS,2,180,5.0,1.5,3.5,1.35,-0.15,0.5,4.5,19.5,30.5,4.5,5.5,16.0,2.0,0.5,5.24,63.18,12.4
Danijel Zagorac,Dinamo Zagreb,Champions League,hr CRO,3,270,4.0,1.33,2.67,1.47,0.13,0.33,6.0,17.33,23.33,2.0,11.0,18.67,0.67,1.0,2.59,49.6,12.93
Danny Ward,Leicester City,Premier League,wls WAL,2,135,6.67,4.0,2.67,1.87,-2.13,0.0,6.67,14.67,30.67,6.0,4.67,7.33,0.0,1.33,6.42,52.0,21.75
David Raya,Arsenal,Champions League / Premier League,es ESP,51,4590,3.12,0.84,2.24,0.96,0.12,0.37,4.29,12.96,32.27,4.47,4.04,10.55,1.31,1.65,4.21,47.33,20.36
David Soria,Getafe,La Liga,es ESP,38,3420,3.32,1.03,2.26,1.1,0.07,0.24,7.89,21.03,18.92,1.79,8.0,12.61,0.66,1.03,4.14,61.46,18.93
David de Gea,Fiorentina,Europa Conference League / Serie A,es ESP,40,3600,4.0,1.15,2.82,1.15,0.0,0.28,6.05,13.6,25.0,3.68,6.82,13.65,0.35,0.98,4.97,43.95,19.66
David von Ballmoos,Young Boys,Champions League,ch SUI,4,360,7.25,3.75,3.25,2.38,-1.38,0.0,5.75,16.75,31.75,2.25,5.75,14.75,0.25,1.0,2.47,46.32,25.6
Davy Roef,Gent,Europa Conference League,be BEL,7,630,5.29,1.29,4.0,1.19,-0.1,0.43,2.71,7.14,24.86,5.0,5.71,12.14,0.0,0.29,6.22,26.0,21.75
Dean Henderson,Crystal Palace,Premier League,eng ENG,38,3420,3.95,1.34,2.66,1.34,-0.01,0.29,4.13,15.79,24.82,3.03,7.18,14.74,0.79,1.05,4.47,44.86,19.42
Deniz Dilmen,Başakşehir,Europa Conference League,0,2,180,6.5,3.5,3.0,3.2,-0.3,0.0,2.0,5.5,28.0,2.5,5.5,8.5,0.0,4.0,2.26,28.45,25.64
Devis Vásquez,Empoli,Serie A,co COL,32,2880,3.91,1.41,2.47,1.26,-0.15,0.19,5.03,17.5,29.78,3.25,4.69,15.31,1.12,0.47,4.15,52.0,18.57
Diant Ramaj,FC Copenhagen,Europa Conference League,de GER,4,360,5.0,1.5,3.5,1.88,0.38,0.0,3.75,17.0,42.25,5.25,3.5,10.0,1.25,1.0,4.23,45.3,24.85
Diego Conde,Villarreal,La Liga,es ESP,22,1962,4.31,1.51,2.84,1.21,-0.31,0.09,2.8,7.39,24.4,5.09,4.91,14.82,0.83,0.73,5.61,36.34,17.48
Dimitry Bertaud,Montpellier,Ligue 1,cd COD,4,360,5.25,2.75,2.5,2.2,-0.55,0.0,5.0,11.75,21.5,4.75,6.75,13.75,2.0,0.75,7.55,43.59,16.97
Dinko Horkaš,Las Palmas,La Liga,hr CRO,13,1085,4.48,1.58,2.9,1.61,0.03,0.08,5.72,14.52,39.4,4.4,3.9,12.28,0.75,1.33,3.71,43.0,21.08
Diogo Costa,Porto,Europa League,pt POR,10,900,3.8,1.5,2.3,1.23,-0.27,0.3,5.0,12.8,37.4,3.9,5.1,14.6,0.9,1.3,3.23,38.74,20.63
Dmytro Riznyk,Shakhtar,Champions League,ua UKR,8,720,6.5,2.0,4.5,2.14,0.14,0.25,5.75,16.38,38.88,4.25,6.75,17.62,2.0,0.5,3.69,40.62,10.4
Dominik Greif,Mallorca,La Liga,sk SVK,31,2790,3.74,1.1,2.68,1.09,-0.01,0.23,6.16,15.32,27.32,4.06,6.23,16.48,0.48,0.68,5.43,48.35,17.9
Dominik Kotarski,PAOK,Europa League,hr CRO,10,900,4.5,1.4,3.2,1.69,0.29,0.3,3.8,13.2,34.9,3.4,4.2,13.5,0.3,0.8,3.23,46.62,20.59
Dominik Livaković,Fenerbahçe,Europa League,hr CRO,6,540,5.67,1.5,4.0,1.67,0.17,0.0,5.83,17.83,37.5,5.33,4.33,12.17,0.5,1.0,5.06,49.8,22.15
Dominik Takáč,Slovan Bratislava,Champions League,sk SVK,8,720,8.0,3.38,4.5,2.95,-0.42,0.0,4.25,12.62,19.62,4.88,10.0,20.38,1.38,0.0,8.24,37.61,
Donovan Léon,Auxerre,Ligue 1,gf GUF,32,2880,5.12,1.5,3.69,1.75,0.25,0.28,6.66,20.28,29.22,5.41,6.09,16.19,0.88,1.22,7.56,56.36,18.32
Dávid Gróf,Ferencváros,Europa League,hu HUN,2,180,4.5,1.5,3.0,1.2,-0.3,0.5,5.0,16.0,23.5,2.0,3.5,16.5,1.0,0.5,3.03,56.6,20.0
Dénes Dibusz,Ferencváros,Europa League,hu HUN,7,572,4.88,1.57,3.3,1.75,0.11,0.31,4.25,9.28,26.28,3.78,4.56,12.43,0.16,1.1,4.31,37.06,31.7
Ed McGinty,Shamrock Rov,Europa Conference League,ie IRL,2,180,2.5,0.5,2.0,0.35,-0.15,0.5,3.0,8.0,24.0,8.0,5.0,9.0,1.0,4.0,9.72,35.99,19.8
Ederson,Manchester City,Champions League / Premier League,br BRA,34,3040,3.7,1.36,2.37,1.39,0.02,0.33,2.66,6.13,31.5,4.17,3.14,8.26,0.5,1.95,3.55,32.38,20.97
Elia Caprile,Cagliari / Napoli,Serie A,it ITA,22,1945,3.42,1.06,2.36,1.19,0.12,0.37,6.62,16.52,29.06,4.72,8.05,13.74,0.97,1.2,5.74,43.99,19.71
Elías Rafn Ólafsson,Midtjylland,Europa League,is ISL,6,520,5.19,1.21,3.98,1.28,0.07,0.35,4.33,16.62,27.0,5.54,8.48,10.73,0.87,2.08,7.94,47.48,23.98
Emil Audero,Como,Serie A,id IDN,8,720,4.25,2.25,2.0,1.55,-0.7,0.0,2.12,6.88,29.0,3.75,2.62,11.88,0.62,1.0,3.47,27.54,15.32
Emiliano Martínez,Aston Villa,Champions League / Premier League,ar ARG,49,4274,4.25,1.2,3.03,1.3,0.09,0.27,4.51,11.5,34.41,3.64,4.49,12.89,1.45,0.91,3.21,46.34,19.26
Enrico Del Prato,Parma,Serie A,it ITA,1,13,13.85,13.85,0.0,2.08,-11.77,0.0,0.0,83.08,83.08,6.92,20.77,55.38,6.92,0.0,3.81,50.0,
Ersin Destanoğlu,Beşiktaş,Europa League,tr TUR,3,270,5.67,1.67,4.0,1.57,-0.1,0.33,2.33,11.67,26.67,6.67,8.67,13.0,1.33,0.33,8.43,32.7,15.3
Fabian Bredlow,Stuttgart,Champions League,de GER,1,90,6.0,4.0,2.0,3.3,-0.7,0.0,4.0,14.0,31.0,5.0,2.0,8.0,0.0,2.0,6.15,12.5,23.7
Fabiano,AC Omonia,Europa Conference League,br BRA,7,630,4.71,1.29,3.29,1.61,0.33,0.29,3.43,9.71,15.0,3.43,8.29,15.86,0.86,0.14,7.21,44.27,12.8
Fabijan Buntić,Qarabağ,Europa League,hr CRO,2,180,5.0,2.5,2.5,2.2,-0.3,0.0,0.5,3.0,15.5,3.5,3.0,8.5,0.5,1.0,5.99,35.5,17.25
Fabrice Ondoa,FK Rīgas FS,Europa League,cm CMR,8,720,5.0,1.62,3.38,1.38,-0.25,0.12,4.12,13.75,24.25,3.75,5.12,16.12,0.75,0.5,6.21,45.54,15.65
Federico Ravaglia,Bologna,Champions League / Serie A,it ITA,13,1146,2.28,1.18,1.1,0.97,-0.2,0.39,4.16,12.09,36.99,4.01,3.85,8.17,0.86,0.71,3.17,39.71,16.09
Fernando Muslera,Galatasaray,Europa League,uy URU,6,540,4.83,2.33,2.5,2.3,-0.03,0.0,4.17,10.17,28.0,4.17,4.17,10.5,0.83,1.0,4.7,37.68,26.05
Filip Jørgensen,Chelsea,Europa Conference League / Premier League,dk DEN,18,1620,4.28,1.0,3.28,1.29,0.29,0.33,1.11,4.28,33.28,5.17,3.0,8.56,0.89,0.78,3.51,23.2,17.32
Filip Manojlović,Borac Banja Luka,Europa Conference League,rs SRB,9,810,4.33,1.0,3.22,1.5,0.5,0.44,4.44,9.67,20.11,5.89,7.22,14.78,0.89,0.78,8.95,44.52,20.61
Filip Stankovic,Venezia,Serie A,rs SRB,16,1367,5.46,1.51,3.95,1.67,0.15,0.0,3.16,10.6,28.51,3.36,4.81,16.39,0.79,0.86,3.6,34.3,14.65
Finn Dahmen,Augsburg,Bundesliga,de GER,19,1710,4.32,1.0,3.42,1.27,0.27,0.47,6.79,17.95,32.32,2.68,7.63,17.74,0.47,1.37,2.84,53.2,16.62
Florian Müller,Freiburg,Bundesliga,de GER,9,753,3.59,1.91,1.79,1.39,-0.53,0.24,6.45,19.84,31.91,3.35,6.81,12.43,0.72,1.08,3.58,57.75,15.8
Fran,Real Madrid,La Liga,es ESP,1,90,2.0,2.0,0.0,0.9,-1.1,0.0,1.0,2.0,16.0,3.0,4.0,5.0,1.0,1.0,4.5,14.8,12.0
Fran Vieites,Betis,Europa Conference League / La Liga,es ESP,12,1080,2.17,1.0,1.17,0.71,-0.29,0.25,3.5,13.75,24.58,3.17,6.33,14.0,0.92,0.75,4.61,49.52,15.32
Francis Uzoho,AC Omonia,Europa Conference League,ng NGA,1,90,4.0,1.0,3.0,1.5,0.5,0.0,15.0,29.0,19.0,1.0,16.0,18.0,1.0,0.0,2.48,50.6,
Franco Israel,Sporting CP,Champions League,uy URU,8,720,4.88,1.5,3.5,1.62,0.12,0.25,2.38,7.38,25.12,3.75,7.38,9.5,0.38,0.38,4.16,36.68,14.57
Frank Feller,Heidenheim,Bundesliga / Europa Conference League,de GER,4,301,4.19,1.2,2.99,1.52,0.33,0.6,6.58,21.23,47.24,5.08,6.88,16.15,0.3,2.09,3.75,54.07,15.84
Fraser Forster,Tottenham,Europa League / Premier League,eng ENG,10,900,6.0,2.0,4.0,2.2,0.2,0.2,1.6,5.0,24.0,4.7,8.0,13.3,0.8,0.9,5.05,18.18,16.17
Frederik Rønnow,Union Berlin,Bundesliga,dk DEN,28,2520,3.96,1.32,2.54,1.4,0.08,0.29,5.11,14.11,26.21,4.82,5.75,17.25,1.43,1.25,6.07,54.27,18.77
Fyodor Lapoukhov,Dinamo Minsk,Europa Conference League,by BLR,6,540,5.0,2.17,2.67,1.92,-0.25,0.17,6.67,15.5,34.17,5.17,6.5,11.17,0.83,2.17,4.97,54.58,18.25
Gabriel Kobylak,Legia Warsaw,Europa Conference League,pl POL,4,360,5.75,1.25,4.5,1.45,0.2,0.5,2.0,5.75,17.25,3.25,6.0,11.75,0.5,0.25,5.0,30.26,16.3
Gauthier Gallon,Rennes,Ligue 1,fr FRA,1,45,0.0,0.0,0.0,0.0,0.0,2.0,0.0,6.0,30.0,4.0,8.0,4.0,0.0,2.0,3.17,26.3,28.0
Gautier Larsonneur,Saint-Étienne,Ligue 1,fr FRA,33,2970,6.24,2.33,3.91,2.23,-0.11,0.12,3.97,14.73,29.64,4.39,6.21,15.45,0.73,1.0,4.94,40.52,18.07
Gerónimo Rulli,Marseille,Ligue 1,ar ARG,34,3060,3.97,1.38,2.56,1.39,0.01,0.15,2.71,5.94,32.26,3.91,3.09,9.09,0.82,1.74,2.97,32.68,21.54
Gianluigi Donnarumma,Paris S-G,Champions League / Ligue 1,it ITA,39,3441,3.19,1.02,2.2,0.96,-0.07,0.26,1.99,6.09,23.17,3.87,4.68,9.47,0.63,0.86,4.28,32.24,17.24
Giorgi Mamardashvili,Valencia,La Liga,ge GEO,34,3060,4.0,1.41,2.62,1.35,-0.06,0.24,4.15,13.21,25.26,3.94,6.44,13.88,0.97,1.12,5.24,49.58,19.95
Giuseppe Ciocci,Cagliari,Serie A,it ITA,1,9,0.0,0.0,0.0,0.0,0.0,10.0,0.0,0.0,10.0,0.0,0.0,0.0,0.0,10.0,0.0,,21.0
Gregor Kobel,Dortmund,Bundesliga / Champions League,ch SUI,45,4050,4.13,1.47,2.69,1.44,-0.02,0.24,3.38,10.11,33.89,4.11,3.73,12.09,0.62,1.49,3.38,41.91,19.1
Grégoire Coudert,Brest,Champions League / Ligue 1,fr FRA,3,270,7.33,4.0,3.67,2.83,-1.17,0.0,4.33,13.33,29.67,5.33,5.33,12.67,1.0,1.67,6.14,49.92,18.78
Guglielmo Vicario,Tottenham,Europa League / Premier League,it ITA,33,2970,4.0,1.27,2.82,1.34,0.07,0.24,1.67,5.33,31.45,4.67,3.48,13.27,1.27,1.12,3.47,29.86,18.01
Guillaume Restes,Toulouse,Ligue 1,fr FRA,29,2543,3.26,1.27,2.05,0.99,-0.31,0.28,2.83,10.12,23.89,2.94,4.78,12.74,0.18,1.2,3.71,42.82,20.06
Günay Güvenç,Galatasaray,Europa League,0,4,360,6.25,2.0,4.25,2.4,0.4,0.0,3.5,6.25,32.0,3.75,4.25,9.0,0.5,1.5,3.17,25.13,16.47
Hendrik Bonmann,Ludogorets,Europa League,de GER,4,360,6.0,1.0,5.0,1.68,0.68,0.5,6.75,19.75,41.75,5.0,8.25,19.25,1.75,0.75,4.13,48.28,14.8
Heorhiy Bushchan,Dynamo Kyiv,Europa League,ua UKR,5,450,8.8,2.8,5.8,2.9,0.1,0.0,5.0,15.2,33.4,5.6,3.8,14.0,0.6,0.8,5.89,51.95,16.0
Hervé Koffi,Lens,Ligue 1,bf BFA,5,450,5.2,1.6,3.6,2.2,0.6,0.0,2.8,8.4,23.0,4.4,3.8,10.6,0.8,0.4,6.5,36.43,10.8
Hákon Rafn Valdimarsson,Brentford,Premier League,is ISL,2,145,2.48,1.24,1.86,0.31,-0.93,0.62,9.31,23.59,33.52,4.34,9.93,9.93,1.24,0.0,4.56,59.24,
Ingvar Jónsson,KV,Europa Conference League,is ISL,8,720,4.75,1.38,3.38,1.71,0.34,0.25,5.12,14.62,35.75,3.62,4.88,15.62,0.88,2.25,3.26,40.3,18.27
Ionuț Radu,Venezia,Serie A,ro ROU,15,1350,4.33,1.2,3.13,1.28,0.08,0.27,4.47,18.33,31.33,4.07,4.87,14.33,0.87,0.2,5.01,55.26,13.3
Isak Pettersson,Elfsborg,Europa League,se SWE,8,720,5.75,1.75,4.25,1.74,-0.01,0.38,4.88,22.75,26.5,4.0,8.5,21.75,1.12,0.62,6.33,57.01,17.24
Ivan Guteša,Red Star,Champions League,rs SRB,3,270,5.0,1.0,4.0,1.63,0.63,0.33,6.67,17.33,20.67,4.0,10.0,12.67,0.33,0.33,7.33,48.36,14.8
Ivan Nevistić,Dinamo Zagreb,Champions League,hr CRO,5,450,6.8,3.0,3.8,2.98,-0.02,0.2,5.2,15.6,26.4,2.6,6.8,15.0,0.2,0.0,3.64,40.26,
Ivan Provedel,Lazio,Europa League / Serie A,it ITA,32,2880,3.31,1.38,2.0,1.09,-0.28,0.19,5.12,13.34,34.72,3.41,3.78,12.94,0.97,1.03,3.39,47.32,20.39
Ivica Ivušić,Pafos FC,Europa Conference League,hr CRO,9,810,2.67,1.11,1.56,1.1,-0.01,0.33,3.11,9.44,25.0,4.11,4.0,9.78,0.56,1.11,5.03,30.88,18.99
Iván Villar,Celta Vigo,La Liga,es ESP,4,360,4.5,2.25,2.5,2.05,-0.2,0.0,0.75,5.5,20.5,3.75,8.75,16.25,0.25,1.25,4.25,26.84,23.04
Iñaki Peña,Barcelona,Champions League / La Liga,es ESP,21,1846,2.97,1.12,1.85,1.01,-0.11,0.34,1.37,5.02,33.64,4.58,4.97,9.17,0.24,5.07,3.36,30.92,24.22
Jack Butland,Rangers,Europa League,eng ENG,9,810,3.78,1.33,2.56,1.26,-0.08,0.22,6.78,17.44,26.22,3.33,8.44,17.11,0.67,0.44,4.84,50.06,16.27
Jacob Karlstrom,Molde,Europa Conference League,no NOR,4,360,4.0,1.25,2.75,1.55,0.3,0.25,2.75,11.5,55.5,5.0,5.75,20.5,1.5,2.5,2.49,34.46,19.5
Jacob Rinne,Djurgården,Europa Conference League,se SWE,9,735,3.55,1.35,2.45,1.08,-0.27,0.24,3.55,12.24,26.94,3.43,6.73,14.2,0.98,1.1,4.05,41.95,19.21
Jacopo Seghetti,Empoli,Serie A,it ITA,1,90,6.0,3.0,3.0,1.9,-1.1,0.0,3.0,9.0,16.0,5.0,5.0,4.0,0.0,1.0,10.56,39.0,26.0
Jakub Stolarczyk,Leicester City,Premier League,pl POL,10,900,4.4,1.6,2.8,1.54,-0.06,0.2,5.7,19.5,32.8,3.6,5.8,16.9,1.0,0.8,3.69,50.17,22.75
Jan Oblak,Atlético Madrid,Champions League / La Liga,si SVN,46,4140,3.48,0.96,2.57,0.88,-0.08,0.37,2.96,7.67,18.3,5.04,7.17,12.96,0.91,0.72,8.25,37.65,19.57
Janis Blaswich,RB Salzburg,Champions League,de GER,5,381,5.91,3.31,2.6,2.36,-0.94,0.0,3.31,10.39,24.8,3.07,6.38,11.34,0.24,1.42,3.48,38.59,16.7
Jason Steele,Brighton,Premier League,eng ENG,2,180,2.0,0.5,1.5,0.2,-0.3,0.5,3.5,8.0,55.0,3.5,1.0,11.0,1.0,1.5,1.74,43.0,15.97
Jasper Cillessen,Las Palmas,La Liga,nl NED,27,2335,4.93,1.62,3.28,1.69,0.07,0.12,4.78,15.76,31.07,5.47,6.9,15.92,0.5,0.77,5.88,43.14,19.46
Jay Gorter,Ajax,Europa League,nl NED,1,67,4.03,2.69,1.34,1.34,-1.34,0.0,4.03,8.06,36.27,4.03,2.69,8.06,0.0,0.0,2.99,44.5,
Jean Butez,Como,Serie A,fr FRA,19,1666,3.67,1.08,2.59,1.07,-0.01,0.27,4.86,12.7,38.3,4.97,2.32,10.26,1.19,2.76,4.04,42.71,21.03
Jeroen Zoet,AZ Alkmaar,Europa League,nl NED,1,90,5.0,1.0,4.0,2.6,1.6,0.0,5.0,22.0,25.0,5.0,10.0,25.0,2.0,0.0,7.76,49.8,
Jesse Joronen,Venezia,Serie A,fi FIN,8,703,5.12,1.92,3.46,1.61,-0.31,0.26,2.56,10.75,33.29,5.89,5.25,16.0,0.77,0.64,5.35,34.88,11.36
Jesús Owono,Alavés,La Liga,gq EQG,6,487,2.59,1.29,1.29,1.0,-0.3,0.0,8.5,19.4,23.29,2.22,6.65,12.2,1.11,0.37,4.34,67.55,12.0
Joakim Persson,Malmö,Europa League,se SWE,1,90,5.0,2.0,3.0,1.2,-0.8,0.0,4.0,14.0,24.0,6.0,5.0,14.0,1.0,0.0,8.35,53.8,
Joan García,Espanyol,La Liga,es ESP,38,3420,5.05,1.34,3.68,1.52,0.18,0.21,5.11,13.84,27.37,5.18,5.68,17.63,1.68,0.92,6.31,48.48,15.77
Joe Lumley,Southampton,Premier League,eng ENG,3,270,6.67,2.33,4.33,2.57,0.23,0.0,5.0,16.67,45.0,4.67,5.0,18.67,0.67,2.33,2.98,24.02,26.83
Joel Drommel,PSV Eindhoven,Champions League,nl NED,1,90,6.0,3.0,3.0,3.3,0.3,0.0,7.0,14.0,40.0,4.0,5.0,11.0,0.0,0.0,3.25,32.8,
Johan Dahlin,Malmö,Europa League,se SWE,3,225,4.4,1.6,2.8,1.32,-0.28,0.0,0.4,5.2,14.8,4.0,10.0,10.0,0.4,0.8,7.03,27.44,30.0
Jonas Lössl,Midtjylland,Europa League,dk DEN,5,380,5.68,2.13,3.55,1.97,-0.17,0.47,8.76,18.95,33.87,3.08,7.11,13.26,0.71,1.18,3.36,43.55,15.68
Jonas Omlin,Gladbach,Bundesliga,ch SUI,12,979,6.62,2.39,4.14,2.2,-0.19,0.09,6.25,17.47,41.64,4.23,5.24,15.26,0.28,1.2,3.29,44.21,20.92
Jonas Urbig,Bayern Munich,Bundesliga / Champions League,de GER,12,1023,3.52,1.41,2.11,1.17,-0.24,0.35,3.52,11.09,33.08,3.61,2.38,10.82,0.44,2.38,3.46,45.72,21.02
Jordan Pickford,Everton,Premier League,eng ENG,38,3420,4.29,1.16,3.08,1.29,0.14,0.32,8.0,21.21,35.66,4.24,6.08,14.68,0.82,1.5,4.6,48.68,19.15
Josep Martinez,Inter,Champions League / Serie A,es ESP,6,540,3.17,0.5,2.67,0.72,0.22,0.67,4.33,9.5,43.5,3.67,4.67,16.0,0.67,0.5,2.4,32.68,22.33
Josip Condric,Astana FK,Europa Conference League,hr CRO,3,270,5.33,0.67,4.67,1.4,0.73,0.33,5.67,22.33,30.33,6.0,14.33,17.67,0.0,1.0,7.04,51.04,21.57
José Sá,Wolves,Premier League,pt POR,29,2609,4.04,1.66,2.38,1.47,-0.18,0.24,3.24,13.18,26.6,4.17,5.17,14.9,1.1,1.48,5.38,41.49,18.37
Juan Musso,Atalanta / Atlético Madrid,La Liga / Serie A,ar ARG,3,270,2.0,0.0,2.0,0.27,0.27,1.0,1.67,9.67,21.67,5.0,9.0,12.67,0.67,0.33,6.16,41.6,17.5
Juan Soriano,Leganés,La Liga,es ESP,6,540,4.17,1.17,3.17,1.47,0.3,0.17,6.0,20.0,21.83,3.33,9.0,21.67,1.17,0.0,6.29,62.78,
Julen Agirrezabala,Athletic Club,Europa League / La Liga,es ESP,27,2376,2.99,0.98,1.97,1.06,0.07,0.38,4.2,12.23,22.65,3.33,4.51,9.7,0.98,1.17,4.76,53.84,18.58
Justin Bijlow,Feyenoord,Champions League,nl NED,2,125,5.76,0.72,5.04,2.02,1.3,0.72,6.48,20.88,28.08,1.44,12.96,28.8,2.16,0.0,1.58,54.38,
Jörg Siebenhandl,LASK,Europa Conference League,at AUT,4,276,3.59,1.3,2.28,1.37,0.07,0.33,0.98,2.93,19.89,3.91,3.59,10.76,0.33,1.96,4.36,19.45,19.77
Kacper Tobiasz,Legia Warsaw,Europa Conference League,pl POL,4,360,4.5,0.75,3.5,1.42,0.68,0.75,4.25,12.25,23.75,3.75,6.5,17.25,1.0,1.0,5.8,37.92,13.6
Kamil Grabara,Wolfsburg,Bundesliga,pl POL,29,2585,4.77,1.71,3.06,1.74,-0.0,0.17,6.48,17.79,34.09,3.97,5.36,14.38,0.52,0.66,4.1,51.87,16.13
Karl Jakob Hein,Valladolid,La Liga,ee EST,31,2790,5.26,2.19,3.1,1.89,-0.3,0.16,5.32,14.58,30.35,4.39,7.23,15.29,1.1,1.1,4.83,51.71,20.03
Karl-Johan Johnsson,Strasbourg,Ligue 1,se SWE,3,270,7.33,2.0,5.33,2.23,0.23,0.0,2.0,7.33,40.67,7.0,2.33,16.0,0.67,1.0,4.09,39.69,12.0
Kasper Schmeichel,Celtic,Champions League,dk DEN,10,900,5.4,1.7,3.8,1.75,0.05,0.3,2.4,5.9,33.2,4.3,6.6,15.6,0.2,0.5,3.33,29.76,15.42
Kauã Santos,Eint Frankfurt,Bundesliga / Europa League,br BRA,14,1215,5.7,1.41,4.3,1.61,0.21,0.22,4.52,13.7,30.0,4.3,5.11,15.48,2.07,1.56,4.63,43.69,16.25
Kepa Arrizabalaga,Bournemouth,Premier League,es ESP,31,2790,4.32,1.26,3.06,1.32,0.06,0.26,4.26,11.77,26.81,3.94,6.19,11.84,0.71,1.74,4.74,38.72,20.6
Kevin Müller,Heidenheim,Bundesliga / Europa Conference League,de GER,38,3389,5.05,1.81,3.24,1.74,-0.07,0.24,4.62,12.85,31.52,4.65,8.37,14.26,0.72,0.66,4.86,38.13,16.09
Kevin Trapp,Eint Frankfurt,Bundesliga / Europa League,de GER,33,2925,4.22,1.26,2.95,1.28,0.01,0.28,3.38,11.51,30.71,4.49,5.48,15.82,0.89,1.05,4.13,37.35,18.55
Kjell Scherpen,Sturm Graz,Champions League,nl NED,6,540,5.83,1.83,4.0,2.1,0.27,0.17,4.67,15.5,26.83,3.17,6.67,17.5,1.33,0.67,4.12,49.58,11.73
Kjetil Haug,Toulouse,Ligue 1,no NOR,6,498,2.89,1.27,1.63,1.23,-0.04,0.18,2.89,10.84,17.17,2.35,6.33,13.01,0.9,0.54,4.27,49.09,16.77
Kostas Tzolakis,Olympiacos,Europa League,gr GRE,10,897,3.41,0.7,2.71,1.01,0.31,0.6,5.62,16.96,22.27,4.52,4.41,8.13,1.1,3.41,8.64,53.98,21.29
Krapyvtsov Vladyslav,Girona,La Liga,ua UKR,2,180,9.0,3.5,5.5,3.15,-0.35,0.0,5.0,10.5,31.5,6.5,3.5,13.5,0.5,0.5,7.22,28.6,16.8
Lars Unnerstall,Twente,Europa League,de GER,9,730,4.44,1.36,3.21,1.22,-0.14,0.25,4.56,14.18,28.85,3.95,5.05,12.82,0.49,1.36,4.63,30.75,16.31
Lasse Rieß,Mainz 05,Bundesliga,de GER,2,180,4.0,1.0,3.0,1.1,0.1,0.0,6.5,21.5,36.0,3.5,6.0,11.5,1.0,4.0,4.22,45.6,18.35
Lawrence Ati-Zigi,St. Gallen,Europa Conference League,gh GHA,6,540,8.33,3.0,5.5,2.6,-0.4,0.0,4.5,9.5,32.17,4.5,6.67,13.5,1.0,1.33,4.15,29.06,18.81
Leandro Chichizola,Parma,Serie A,ar ARG,1,90,6.0,3.0,3.0,2.5,-0.5,0.0,3.0,16.0,41.0,5.0,8.0,21.0,2.0,2.0,4.13,34.4,16.3
Leo Román,Mallorca,La Liga,es ESP,7,630,7.0,1.43,5.57,1.93,0.5,0.29,6.86,19.86,26.86,2.57,7.43,18.14,1.14,0.86,3.99,57.47,11.43
Liam Kelly,Rangers,Europa League,sct SCO,2,180,3.0,1.0,1.5,1.55,0.55,0.5,5.5,21.0,26.5,4.0,9.5,24.5,2.0,2.0,5.96,57.27,16.85
Lorenzo Montipò,Hellas Verona,Serie A,it ITA,36,3240,4.47,1.78,2.69,1.41,-0.37,0.22,5.83,20.0,21.11,2.53,8.28,13.83,0.83,0.64,4.77,59.26,14.67
Lorenzo Torriani,Milan,Champions League,it ITA,1,40,9.0,2.25,6.75,3.15,0.9,0.0,0.0,4.5,27.0,2.25,6.75,9.0,0.0,0.0,2.65,20.0,
Lovro Štubljar,NK Celje,Europa Conference League,si SVN,2,180,6.0,2.5,3.0,1.95,-0.55,0.0,9.5,18.5,28.5,6.5,10.0,14.5,2.0,0.0,8.58,47.03,
Luca Philipp,Hoffenheim,Bundesliga / Europa League,de GER,7,630,5.86,2.57,3.43,1.91,-0.66,0.0,5.29,16.71,26.0,3.57,6.43,15.43,0.57,0.71,5.03,41.34,16.98
Lucas Chevalier,Lille,Champions League / Ligue 1,fr FRA,44,3960,3.89,1.11,2.8,1.31,0.2,0.27,3.55,9.39,28.89,4.05,3.36,11.02,0.59,0.61,4.09,39.18,17.21
Lucas Perri,Lyon,Europa League / Ligue 1,br BRA,44,3960,4.73,1.32,3.41,1.48,0.16,0.3,3.11,9.98,27.8,5.14,4.8,12.39,0.84,0.77,5.63,36.61,18.74
Luiz Lúcio Reis Júnior,Villarreal,La Liga,br BRA,17,1458,4.07,1.11,2.96,1.1,-0.01,0.37,3.77,10.99,24.2,5.93,6.11,15.8,0.99,1.23,7.87,43.6,17.65
Lukas Jungwirth,LASK,Europa Conference League,at AUT,3,262,6.53,3.44,3.44,2.85,-0.58,0.0,3.78,10.65,29.89,4.81,6.53,19.92,2.4,0.34,4.57,40.7,15.7
Lukáš Horníček,Braga,Europa League,cz CZE,4,290,4.97,1.24,3.72,1.58,0.34,0.31,3.72,12.72,28.24,4.03,4.97,16.45,0.62,2.79,4.42,32.81,15.53
Lukáš Hrádecký,Leverkusen,Bundesliga / Champions League,fi FIN,33,2970,4.21,1.33,2.97,1.28,-0.05,0.24,4.03,10.39,26.91,3.79,4.73,10.27,0.39,1.39,4.21,40.45,20.76
Lukáš Zima,FCSB,Europa League,cz CZE,1,90,6.0,4.0,2.0,3.2,-0.8,0.0,2.0,6.0,19.0,5.0,6.0,10.0,0.0,0.0,7.58,27.7,
Léon-Maurice Pöhls,Shamrock Rov,Europa Conference League,de GER,6,540,3.83,1.5,2.33,1.32,-0.18,0.17,2.67,10.5,17.33,3.67,6.83,19.0,0.33,0.67,6.78,42.04,15.75
Maarten Vandevoordt,RB Leipzig,Bundesliga / Champions League,be BEL,8,609,4.14,1.63,2.51,1.3,-0.33,0.3,3.4,9.75,28.37,5.02,6.95,15.07,1.18,2.36,4.84,42.73,19.34
Mads Hermansen,Leicester City,Premier League,dk DEN,27,2385,5.85,2.19,3.74,2.12,-0.06,0.04,4.3,17.77,34.94,5.02,5.4,15.81,0.98,0.98,4.86,51.5,18.37
Mads Kikkenborg,Anderlecht,Europa League,dk DEN,1,90,5.0,4.0,2.0,2.5,-1.5,0.0,5.0,9.0,27.0,2.0,5.0,8.0,0.0,1.0,2.14,19.8,11.8
Maduka Okoye,Udinese,Serie A,ng NGA,25,2250,4.4,1.6,2.92,1.49,-0.11,0.16,4.8,11.68,31.04,3.2,3.96,12.6,0.56,0.92,2.96,47.25,17.41
Malkolm Nilsson,Djurgården,Europa Conference League,se SWE,2,165,3.82,0.55,3.27,0.93,0.33,0.0,3.82,15.82,21.27,3.27,9.27,21.27,0.55,0.0,6.05,53.86,
Manolis Saliakas,St. Pauli,Bundesliga,gr GRE,1,1,0.0,0.0,0.0,0.0,0.0,90.0,0.0,0.0,180.0,0.0,0.0,0.0,0.0,0.0,0.0,,
Manuel Neuer,Bayern Munich,Bundesliga / Champions League,de GER,32,2802,2.12,0.84,1.28,0.75,-0.09,0.48,4.43,9.09,39.64,4.01,2.6,6.75,0.22,2.18,2.76,35.0,26.38
Marc-André ter Stegen,Barcelona,Champions League / La Liga,de GER,9,764,3.53,1.3,2.24,1.0,-0.29,0.12,2.24,5.18,32.28,6.13,3.89,11.66,1.06,2.59,5.14,35.01,18.69
Marcin Bułka,Nice,Europa League / Ligue 1,pl POL,40,3600,4.92,1.38,3.58,1.37,-0.0,0.2,3.22,7.85,28.05,5.08,4.85,13.4,1.15,1.25,5.13,32.03,17.92
Marco Bizot,Brest,Champions League / Ligue 1,nl NED,41,3690,4.17,1.66,2.54,1.46,-0.2,0.29,7.27,16.98,27.66,4.07,6.2,13.9,1.07,1.68,5.25,49.86,19.9
Marco Carnesecchi,Atalanta,Champions League / Serie A,it ITA,43,3870,3.53,1.0,2.58,1.01,0.01,0.42,3.74,11.35,25.21,4.63,5.88,8.81,0.53,1.4,5.81,49.51,17.91
Marco Silvestri,Empoli,Serie A,it ITA,5,450,5.4,2.2,3.4,1.6,-0.6,0.0,7.0,17.0,27.0,3.2,2.6,12.4,0.2,0.8,4.75,25.23,12.75
Marco Sportiello,Milan,Serie A,it ITA,2,126,4.29,1.43,2.86,1.5,0.07,0.71,3.57,9.29,32.86,5.71,10.0,10.71,0.71,2.14,4.7,30.66,32.7
Marius Müller,Wolfsburg,Bundesliga,de GER,6,475,4.36,0.95,3.41,1.44,0.49,0.19,7.01,18.38,34.86,5.49,6.44,18.76,1.71,0.57,5.61,51.34,14.53
Mark Flekken,Brentford,Premier League,nl NED,37,3275,5.58,1.51,4.12,1.45,-0.09,0.19,6.84,18.11,41.17,3.35,5.83,15.97,1.26,0.93,2.75,54.86,14.79
Mark Travers,Bournemouth,Premier League,ie IRL,5,450,5.0,1.0,4.0,1.88,0.88,0.2,6.6,14.6,20.6,5.8,7.8,12.6,0.2,1.0,9.92,55.82,14.82
Marko Dmitrović,Leganés,La Liga,rs SRB,32,2880,4.69,1.53,3.22,1.57,0.03,0.31,6.28,23.91,23.22,3.5,9.47,18.09,1.53,1.66,6.83,66.18,17.11
Marko Ilić,Red Star,Champions League,rs SRB,2,180,8.5,5.0,3.5,4.35,-0.65,0.0,6.0,22.5,18.5,3.0,12.5,14.5,1.0,0.0,7.37,53.22,
Martin Dúbravka,Newcastle Utd,Premier League,sk SVK,10,900,4.1,1.2,2.9,1.28,0.08,0.5,1.8,8.0,27.3,5.4,5.9,12.7,1.0,1.1,4.93,45.36,20.27
Martin Jedlička,Viktoria Plzeň,Europa League,cz CZE,12,1080,4.92,1.33,3.5,1.7,0.37,0.25,5.92,16.92,24.33,2.67,5.67,14.67,0.83,1.08,4.52,53.51,22.81
Marvin Keller,Young Boys,Champions League,ch SUI,4,360,6.0,2.25,4.0,1.92,-0.32,0.0,3.0,13.25,41.25,4.75,2.75,19.0,0.0,0.5,3.57,43.45,15.3
Matej Kovar,Leverkusen,Bundesliga / Champions League,cz CZE,11,990,2.64,1.0,1.73,0.81,-0.19,0.55,3.82,8.36,26.73,3.36,4.0,9.91,0.64,0.82,3.45,38.1,19.71
Mateusz Kochalski,Qarabağ,Europa League,pl POL,6,540,7.17,2.5,4.67,2.82,0.32,0.0,3.67,13.83,31.83,3.5,5.0,11.17,0.5,1.0,3.68,46.23,17.68
Matevž Vidovšek,Olimpija,Europa Conference League,si SVN,8,720,4.25,0.88,3.12,1.48,0.6,0.62,4.25,10.0,24.75,4.25,6.38,17.12,1.12,0.75,5.62,36.29,21.08
Matheus,Ajax / Braga,Europa League,br BRA,6,517,5.57,2.09,3.48,1.74,-0.35,0.17,2.79,8.36,36.21,3.66,6.09,14.8,0.7,2.61,2.93,27.19,23.36
Mathew Ryan,Lens,Ligue 1,au AUS,14,1260,4.43,1.21,3.14,1.39,0.18,0.43,3.29,9.64,24.43,5.64,4.71,12.57,1.43,0.71,7.26,35.25,17.59
Mathieu Gorgelin,Le Havre,Ligue 1,fr FRA,16,1440,5.12,2.06,3.12,2.14,0.08,0.06,4.94,11.44,27.19,4.69,6.19,16.81,1.31,0.5,5.54,34.63,16.73
Matjaž Rozman,NK Celje,Europa Conference League,si SVN,4,360,5.0,2.0,3.0,1.72,-0.28,0.0,3.75,8.75,24.5,5.0,8.0,13.25,0.25,0.0,6.33,31.14,
Matouš Trmal,Mladá Boleslav,Europa Conference League,cz CZE,6,540,6.5,1.67,5.0,1.77,0.1,0.17,3.17,13.83,32.67,5.5,7.33,14.67,1.17,1.0,5.19,50.75,16.62
Mattia Perin,Juventus,Champions League / Serie A,it ITA,8,660,5.05,0.95,3.95,1.46,0.5,0.41,2.59,8.59,33.14,6.41,3.14,12.41,0.68,0.55,5.51,40.77,21.88
Matvei Safonov,Paris S-G,Champions League / Ligue 1,ru RUS,12,1059,2.8,0.85,2.04,0.78,-0.07,0.34,3.48,9.43,26.52,4.33,4.93,9.26,0.59,1.53,4.69,32.2,20.42
Matz Sels,Nott'ham Forest,Premier League,be BEL,38,3420,4.34,1.21,3.13,1.29,0.08,0.34,6.42,18.37,18.82,2.18,7.11,18.68,0.5,0.32,4.89,54.29,16.31
Maxime Delanghe,Cercle Brugge,Europa Conference League,be BEL,7,599,4.36,1.5,2.85,1.56,0.06,0.3,7.51,24.34,21.94,1.2,6.46,12.32,0.75,0.9,2.59,63.95,24.27
Maxime Dupé,Nice,Europa League,fr FRA,2,180,4.0,1.0,3.0,1.1,0.1,0.0,2.0,3.5,26.0,6.0,6.5,9.5,0.5,0.5,5.42,24.68,19.0
Melvin Zinga,Angers,Ligue 1,fr FRA,1,90,4.0,2.0,2.0,2.4,0.4,0.0,2.0,11.0,22.0,4.0,11.0,20.0,1.0,2.0,7.09,25.6,16.8
Mert Günok,Beşiktaş,Europa League,tr TUR,5,450,6.4,2.0,4.4,2.64,0.64,0.0,3.6,12.2,26.2,5.4,6.8,14.0,0.6,0.2,7.02,36.98,14.0
Michael Zetterer,Werder Bremen,Bundesliga,de GER,34,3060,4.59,1.68,3.0,1.56,-0.11,0.29,3.94,10.88,35.41,5.53,3.15,13.65,1.03,1.0,4.89,36.77,18.93
Michele Di Gregorio,Juventus,Champions League / Serie A,it ITA,41,3658,3.2,0.96,2.24,0.91,-0.05,0.42,3.91,10.41,26.25,4.11,4.55,13.8,0.86,0.84,4.89,45.46,20.33
Mike Maignan,Milan,Champions League / Serie A,fr FRA,47,4154,4.01,1.15,2.9,1.03,-0.12,0.28,3.12,8.17,36.05,4.57,5.16,11.76,0.71,1.84,3.44,39.0,22.9
Mile Svilar,Roma,Europa League / Serie A,rs SRB,50,4500,3.8,0.96,2.88,1.13,0.17,0.38,3.56,11.06,32.64,4.48,5.6,13.24,0.88,0.92,4.17,44.97,17.0
Moritz Nicolas,Gladbach,Bundesliga,de GER,19,1639,5.05,1.37,3.79,1.64,0.26,0.22,5.22,10.93,40.31,4.83,3.29,17.52,0.99,0.77,3.28,39.82,21.06
Muhammed Şengezer,Başakşehir,Europa Conference League,tr TUR,4,360,5.75,1.25,4.5,1.72,0.48,0.0,6.25,21.5,35.5,3.0,4.0,14.5,1.5,0.75,3.22,48.87,18.5
Mukhammedzhan Seysen,Astana FK,Europa Conference League,kz KAZ,2,180,12.5,2.0,10.5,3.25,1.25,0.0,3.5,19.0,26.5,6.0,12.5,23.5,1.5,1.5,7.35,52.52,18.8
Nathan Trott,FC Copenhagen,Europa Conference League,eng ENG,5,450,4.2,1.6,2.6,1.38,-0.22,0.2,2.4,7.6,28.4,2.4,3.4,8.4,0.2,0.2,2.58,26.2,9.3
Nediljko Labrović,Augsburg,Bundesliga,hr CRO,15,1350,4.93,2.13,2.8,1.71,-0.42,0.13,5.53,14.67,26.47,4.8,7.0,14.47,0.8,1.2,6.05,47.44,17.1
Neofytos Michael,Pafos FC,Europa Conference League,cy CYP,1,90,5.0,2.0,3.0,1.9,-0.1,0.0,1.0,2.0,21.0,5.0,6.0,4.0,0.0,0.0,5.0,18.2,
Neto,Arsenal / Bournemouth,Champions League / Premier League,br BRA,3,270,5.33,1.0,4.33,1.57,0.57,0.0,4.33,13.0,27.33,4.67,5.67,12.67,1.33,2.67,5.56,38.94,16.79
Nick Pope,Newcastle Utd,Premier League,eng ENG,28,2520,4.29,1.25,3.07,1.25,-0.0,0.29,2.57,9.18,21.25,6.86,6.68,12.82,1.39,2.29,9.44,43.65,19.32
Nicola Leali,Genoa,Serie A,it ITA,29,2610,3.83,1.07,2.83,1.18,0.11,0.34,5.17,13.48,24.9,3.86,7.38,13.45,0.72,0.48,5.11,41.09,17.66
Nikita Haikin,Bodø/Glimt,Europa League,ru RUS,16,1440,5.44,1.56,3.88,1.83,0.27,0.19,4.94,14.0,39.88,4.75,5.38,18.38,0.88,1.44,3.85,40.26,17.91
Niklas Hedl,Rapid Wien,Europa Conference League,at AUT,10,900,4.3,1.1,3.2,1.23,0.13,0.4,2.7,8.5,27.7,4.2,4.9,13.0,0.6,1.9,4.41,44.39,23.41
Nikola Vasilj,St. Pauli,Bundesliga,ba BIH,33,2969,4.09,1.18,2.82,1.43,0.25,0.27,4.97,14.94,38.41,3.24,4.06,12.46,0.73,0.82,2.66,38.02,16.33
Noah Atubolu,Freiburg,Bundesliga,de GER,26,2307,4.68,1.44,3.16,1.45,0.0,0.39,6.2,16.15,39.48,4.29,4.92,14.71,1.33,1.09,3.51,51.48,15.94
Ognjen Čančarević,FC Noah,Europa Conference League,am ARM,3,270,10.33,3.0,7.33,2.87,-0.13,0.33,3.67,10.0,30.33,5.33,7.67,12.0,0.0,1.0,5.67,27.46,19.2
Oliver Baumann,Hoffenheim,Bundesliga / Europa League,de GER,35,3150,4.77,1.83,2.91,1.78,-0.05,0.17,5.63,15.91,32.4,4.09,4.63,13.89,0.63,1.03,4.44,48.31,17.54
Omri Glazer,Red Star,Champions League,il ISR,3,270,5.0,3.0,2.0,1.73,-1.27,0.0,3.67,7.33,23.33,3.0,6.67,11.67,0.33,0.0,3.95,25.93,
Oscar Jansson,Djurgården,Europa Conference League,se SWE,2,180,2.0,1.5,0.5,0.75,-0.75,0.0,2.5,6.0,18.5,2.0,5.0,13.0,0.0,3.0,3.05,43.78,22.2
Panagiotis Retsos,Olympiacos,Europa League,gr GRE,1,1,0.0,0.0,0.0,0.0,0.0,90.0,180.0,180.0,270.0,0.0,0.0,0.0,0.0,0.0,0.0,,
Patrick Drewes,Bochum,Bundesliga,de GER,21,1889,4.72,2.19,2.43,2.02,-0.18,0.1,10.39,23.06,32.45,3.1,8.43,13.58,0.57,1.57,3.5,52.58,19.12
Patrik Carlgren,Nantes,Ligue 1,se SWE,5,417,6.04,1.51,4.53,1.81,0.3,0.22,4.75,13.6,21.37,5.83,7.99,17.27,0.22,0.22,9.24,48.66,15.3
Pau López,Girona,Champions League / La Liga,es ESP,2,135,6.0,2.67,2.67,2.2,-0.47,0.0,4.0,10.67,37.33,4.67,5.33,26.0,3.33,0.67,3.93,36.24,9.8
Paulo Gazzaniga,Girona,Champions League / La Liga,ar ARG,43,3825,4.26,1.46,2.82,1.35,-0.12,0.21,2.66,8.56,28.54,3.79,5.27,11.6,0.92,0.82,3.79,40.6,17.82
Pepe Reina,Como,Serie A,es ESP,12,1034,3.57,1.22,2.35,1.05,-0.17,0.17,3.74,10.01,28.72,3.57,2.96,12.88,0.17,0.52,4.02,28.36,15.88
Peter Vindahl Jensen,Sparta Prague,Champions League,dk DEN,8,720,7.62,2.62,5.12,2.12,-0.5,0.12,5.25,18.5,30.38,4.75,6.5,15.0,0.88,0.88,5.97,55.19,15.04
Philipp Hofmann,Bochum,Bundesliga,de GER,1,1,0.0,0.0,0.0,0.0,0.0,90.0,0.0,0.0,270.0,0.0,90.0,0.0,0.0,0.0,0.0,10.0,
Philipp Köhn,Monaco,Champions League / Ligue 1,ch SUI,21,1890,3.19,1.05,2.14,0.89,-0.16,0.38,2.52,7.86,22.71,3.71,5.1,11.52,0.81,1.05,4.54,37.39,21.16
Pierluigi Gollini,Genoa,Serie A,it ITA,7,630,4.57,2.14,2.29,1.76,-0.39,0.14,4.71,10.71,28.29,3.0,7.43,13.14,0.29,0.29,3.16,44.4,22.0
Pietro Terracciano,Fiorentina,Europa Conference League / Serie A,it ITA,9,810,3.78,1.44,2.33,1.27,-0.18,0.22,3.22,7.22,26.0,2.89,4.44,8.22,0.22,0.56,3.14,25.49,17.88
Przemysław Tytoń,Twente,Europa League,pl POL,2,167,4.85,2.16,2.69,2.43,0.27,0.0,11.32,24.79,36.65,3.77,6.47,16.71,0.54,1.08,3.86,47.33,23.5
Péter Gulácsi,RB Leipzig,Bundesliga / Champions League,hu HUN,36,3171,4.8,1.48,3.32,1.5,0.03,0.4,2.53,6.98,25.43,4.85,7.12,14.82,0.79,0.96,5.27,32.1,19.33
Radosław Majecki,Monaco,Champions League / Ligue 1,pl POL,23,2070,4.78,1.57,3.22,1.66,0.1,0.22,1.83,8.3,22.39,5.65,6.43,10.52,0.87,0.83,7.51,38.72,15.87
Razvan Sava,Udinese,Serie A,ro ROU,12,1080,4.25,1.33,3.08,1.2,-0.13,0.33,3.67,12.33,28.08,2.17,4.58,16.83,0.33,1.08,2.37,47.55,19.55
Remko Pasveer,Ajax,Europa League,nl NED,11,923,4.58,0.98,3.61,1.37,0.35,0.39,5.85,17.65,37.54,3.71,3.9,16.67,1.46,0.68,3.03,43.91,19.26
Ricardo,Malmö,Europa League,br BRA,5,405,4.67,2.44,2.22,1.78,-0.67,0.22,1.78,11.56,22.0,3.11,5.78,16.22,0.89,0.44,4.78,50.7,16.9
Ricardo Manuel Silva,NK Celje,Europa Conference League,pt POR,6,540,4.5,1.83,2.67,1.45,-0.38,0.33,4.67,11.83,27.5,5.0,5.83,14.33,1.0,1.5,5.79,42.53,18.53
Robert Sánchez,Chelsea,Europa Conference League / Premier League,es ESP,33,2970,3.91,1.06,2.82,1.09,0.03,0.3,3.0,13.0,36.12,5.85,2.55,11.48,1.45,1.73,5.25,39.76,17.9
Robin Olsen,Aston Villa,Premier League,se SWE,4,226,5.58,2.39,3.19,2.51,0.12,0.4,7.57,21.5,29.87,0.4,10.35,15.93,1.19,0.0,0.52,59.97,
Robin Zentner,Mainz 05,Bundesliga,de GER,32,2880,4.44,1.28,3.12,1.41,0.12,0.28,5.47,17.72,30.53,4.12,5.59,16.38,1.41,1.81,5.09,52.13,17.91
Roei Mashpati,Maccabi Tel Aviv,Europa League,il ISR,7,630,6.0,2.29,3.43,2.64,0.36,0.0,4.29,13.0,33.43,5.43,4.43,13.57,0.43,0.57,4.92,37.94,16.8
Rohan Ferguson,Larne FC,Europa Conference League,sct SCO,6,540,5.67,2.0,3.83,1.85,-0.15,0.17,8.83,23.83,29.17,3.67,9.17,23.17,1.0,1.0,4.76,47.61,14.8
Rome-Jayden Owusu-Oduro,AZ Alkmaar,Europa League,nl NED,11,990,4.18,1.64,2.45,1.27,-0.36,0.18,4.0,14.64,24.45,3.45,5.55,12.91,1.36,0.64,5.19,54.45,17.3
Rui Patrício,Atalanta,Champions League / Serie A,pt POR,4,360,4.5,1.25,3.25,1.3,0.05,0.25,3.5,7.25,29.0,4.5,6.75,9.25,0.0,2.5,4.35,31.12,23.63
Rui Silva,Betis / Sporting CP,Champions League / La Liga,pt POR,17,1530,3.88,1.24,2.65,1.35,0.12,0.29,2.82,9.29,30.0,4.76,5.06,13.76,0.82,2.0,4.81,36.89,20.77
Ruslan Neshcheret,Dynamo Kyiv,Europa League,ua UKR,3,270,4.67,1.33,3.33,1.6,0.27,0.33,2.33,11.33,32.33,5.0,6.67,20.0,0.0,1.0,5.01,38.3,20.43
Rémy Descamps,Lyon,Europa League / Ligue 1,fr FRA,2,180,8.5,2.0,6.5,1.75,-0.25,0.0,2.5,9.0,32.5,3.5,3.0,14.0,0.0,1.0,3.38,32.87,27.0
Sam Johnstone,Wolves,Premier League,eng ENG,7,630,5.57,2.43,3.29,1.84,-0.59,0.0,7.43,18.43,36.0,4.0,3.57,14.86,1.14,1.57,3.76,43.25,13.8
Semuel Pizzignacco,Monza,Serie A,it ITA,9,736,4.65,2.08,2.69,1.52,-0.56,0.24,4.77,13.82,33.38,3.67,5.99,14.55,0.49,0.86,3.43,38.4,19.5
Sergio Herrera,Osasuna,La Liga,es ESP,37,3330,4.92,1.41,3.54,1.52,0.11,0.22,7.49,16.59,26.11,3.76,7.46,14.16,0.86,2.3,5.22,50.71,22.5
Sergio Padt,Ludogorets,Europa League,nl NED,4,360,6.75,1.75,5.0,2.28,0.52,0.0,5.25,17.75,30.75,3.0,8.5,18.0,0.5,1.0,3.37,43.78,15.27
Silviu Șmalenea,Petrocub,Europa Conference League,md MDA,6,540,5.67,2.17,3.5,1.92,-0.25,0.0,3.33,13.83,26.5,5.5,7.0,17.5,1.67,0.5,7.49,39.73,18.53
Simon Mignolet,Club Brugge,Champions League,be BEL,12,1080,4.42,1.58,2.92,1.49,-0.09,0.25,4.83,10.75,33.83,3.25,4.17,12.33,1.0,0.67,2.87,33.93,15.79
Simon Sluga,Maccabi Tel Aviv,Europa League,hr CRO,1,90,3.0,1.0,2.0,1.0,0.0,0.0,4.0,7.0,42.0,3.0,5.0,11.0,0.0,0.0,1.69,20.8,
Simone Perilli,Hellas Verona,Serie A,it ITA,2,180,5.5,1.0,4.5,1.5,0.5,0.0,3.5,20.5,17.0,1.0,7.0,23.0,1.0,1.5,2.87,63.4,22.3
Simone Scuffet,Cagliari / Napoli,Serie A,it ITA,14,1260,4.29,1.71,2.57,1.58,-0.14,0.07,5.29,13.79,24.29,3.93,7.71,15.57,0.5,0.5,5.35,41.46,15.31
Stefan Ortega,Manchester City,Champions League / Premier League,de GER,15,1280,3.59,1.27,2.39,1.16,-0.11,0.42,2.81,7.52,31.64,4.08,3.8,9.98,0.49,0.98,3.34,28.13,21.54
Stefan Târnovanu,FCSB,Europa League,ro ROU,11,990,4.0,1.18,2.91,1.15,-0.03,0.45,5.45,14.73,22.91,2.91,8.82,15.82,1.0,0.55,4.55,43.03,14.65
Stefano Turati,Monza,Serie A,it ITA,30,2676,4.88,1.75,3.13,1.6,-0.15,0.07,5.95,14.87,31.68,4.24,4.41,13.92,0.74,0.87,4.16,46.89,20.91
Steve Mandanda,Rennes,Ligue 1,fr FRA,18,1486,3.09,1.39,1.76,1.02,-0.37,0.42,3.69,10.9,25.8,4.0,4.42,10.6,0.42,1.27,4.73,41.64,18.53
Stole Dimitrievski,Valencia,La Liga,mk MKD,4,360,3.0,1.5,1.5,1.1,-0.4,0.0,3.75,18.0,28.25,6.25,5.0,12.75,0.75,4.0,9.05,53.56,25.66
Sven Ulreich,Bayern Munich,Bundesliga / Champions League,de GER,2,135,2.0,1.33,0.67,0.53,-0.8,0.67,2.0,5.33,28.67,3.33,0.67,5.33,0.67,2.0,3.02,9.0,20.3
Sławomir Abramowicz,Jagiellonia,Europa Conference League,pl POL,12,1080,3.83,1.0,2.92,1.23,0.23,0.33,1.83,7.25,23.75,3.5,5.17,15.33,1.0,0.83,4.06,30.54,18.76
Theo Sander,FC Copenhagen,Europa Conference League,dk DEN,1,90,4.0,1.0,3.0,1.3,0.3,0.0,3.0,9.0,35.0,4.0,4.0,12.0,1.0,1.0,3.46,19.5,15.8
Thibaut Courtois,Real Madrid,Champions League / La Liga,be BEL,42,3780,4.14,1.12,3.02,1.18,0.06,0.29,1.95,7.81,29.79,5.52,4.71,11.55,0.79,0.36,5.33,36.71,17.15
Thijmen Nijhuis,HJK,Europa Conference League,nl NED,6,540,5.5,1.5,4.17,1.8,0.3,0.17,2.17,7.83,29.0,4.67,6.0,15.67,0.5,0.17,4.66,33.32,29.0
Thomas Dähne,Holstein Kiel,Bundesliga,de GER,9,810,6.11,2.11,4.0,2.04,-0.07,0.0,5.22,14.78,33.78,6.11,10.11,19.67,1.67,0.56,5.7,45.66,11.26
Théo De Percin,Auxerre,Ligue 1,mq MTQ,2,180,4.5,1.5,2.5,1.75,0.25,0.5,4.0,15.5,23.0,2.5,6.0,19.0,1.5,1.5,3.76,55.35,15.0
Tiago Cardoso,Gladbach,Bundesliga,lu LUX,5,379,5.46,0.71,4.75,1.12,0.4,0.71,5.46,14.72,35.15,5.22,7.36,22.8,3.32,0.24,4.3,48.89,11.0
Timo Horn,Bochum,Bundesliga,de GER,13,1170,4.15,1.69,2.46,1.43,-0.26,0.23,9.92,25.54,30.77,2.23,7.54,14.0,0.46,1.38,2.93,61.84,17.11
Timon Weiner,Holstein Kiel,Bundesliga,de GER,25,2250,5.6,2.44,3.24,1.89,-0.55,0.08,6.68,17.76,31.56,4.64,7.92,19.64,1.08,0.72,4.84,48.41,15.96
Timon Wellenreuther,Feyenoord,Champions League,de GER,11,955,5.94,2.36,3.77,2.21,-0.14,0.09,3.68,11.97,37.51,4.05,3.02,12.63,0.75,0.75,3.55,39.8,18.69
Tobias Sippel,Gladbach,Bundesliga,de GER,1,59,6.1,4.58,1.53,1.83,-2.75,0.0,13.73,33.56,33.56,3.05,18.31,19.83,0.0,0.0,3.56,69.2,
Tom King,Wolves,Premier League,wls WAL,1,1,0.0,0.0,0.0,0.0,0.0,90.0,0.0,0.0,90.0,90.0,0.0,90.0,0.0,0.0,14.0,,
Tommaso Martinelli,Fiorentina,Europa Conference League,it ITA,1,90,3.0,0.0,3.0,1.3,1.3,1.0,3.0,6.0,17.0,3.0,5.0,7.0,0.0,1.0,5.19,27.0,14.5
Unai Marrero,Real Sociedad,Europa League / La Liga,es ESP,5,450,4.4,1.0,3.2,1.3,0.3,0.2,2.2,6.8,20.6,4.0,5.6,10.4,0.4,1.2,5.84,33.05,17.6
Unai Simón,Athletic Club,Europa League / La Liga,es ESP,22,1980,2.82,0.64,2.14,0.74,0.1,0.5,4.86,13.0,25.05,4.27,5.45,11.45,0.91,1.36,5.64,57.84,17.99
Vanja Milinković-Savić,Torino,Serie A,rs SRB,37,3330,4.68,1.14,3.49,1.39,0.25,0.27,6.03,18.97,36.54,5.16,7.32,15.81,1.0,1.24,5.15,51.1,17.15
Veljko Ilic,TSC Bačka Top,Europa Conference League,rs SRB,8,720,5.5,2.38,3.25,2.28,-0.1,0.0,5.5,16.75,40.75,4.25,3.62,9.25,0.38,1.62,3.4,40.85,20.99
Vicente Guaita,Celta Vigo,La Liga,es ESP,34,3060,3.74,1.41,2.32,1.19,-0.22,0.24,1.94,6.47,21.76,5.74,6.76,12.82,0.76,1.29,7.06,35.36,17.66
Vid Belec,APOEL,Europa Conference League,si SVN,8,720,4.75,1.12,3.5,1.3,0.18,0.12,3.12,11.12,19.0,4.12,5.38,11.5,0.75,0.0,7.65,43.7,
Vitezslav Jaros,Liverpool,Premier League,cz CZE,1,12,7.5,0.0,7.5,0.0,0.0,7.5,37.5,52.5,52.5,15.0,7.5,15.0,0.0,0.0,14.54,59.0,
Vitus Eicher,Heidenheim,Europa Conference League,de GER,1,90,6.0,3.0,3.0,1.5,-1.5,0.0,5.0,12.0,37.0,4.0,2.0,16.0,1.0,0.0,3.35,26.0,
Vladen Kovačević,Legia Warsaw,Europa Conference League,ba BIH,2,180,7.0,2.0,5.0,2.45,0.45,0.0,2.0,4.5,19.0,3.5,2.5,6.5,1.5,0.0,4.83,28.4,
Walter Benítez,PSV Eindhoven,Champions League,ar ARG,11,990,5.36,1.91,3.45,1.73,-0.18,0.09,6.0,13.55,36.36,4.45,5.55,13.36,1.18,1.0,3.61,44.5,16.32
Warleson,Cercle Brugge,Europa Conference League,br BRA,2,121,1.49,0.0,1.49,0.15,0.15,0.74,5.21,14.88,17.11,2.98,4.46,5.95,0.0,2.23,6.97,63.7,27.0
Wladimiro Falcone,Lecce,Serie A,it ITA,38,3420,4.76,1.53,3.29,1.42,-0.11,0.24,5.79,17.26,26.76,3.16,4.68,15.53,0.76,0.5,4.37,50.16,16.86
Wojciech Szczęsny,Barcelona,Champions League / La Liga,pl POL,23,2070,3.3,1.26,2.09,1.27,0.01,0.43,1.78,5.78,29.35,4.26,3.74,9.57,0.65,3.78,3.86,36.63,21.18
Yahia Fofana,Angers,Ligue 1,ci CIV,33,2970,5.64,1.55,4.09,1.92,0.37,0.21,4.36,13.18,22.76,5.45,7.91,16.09,1.45,0.61,8.45,43.6,15.17
Yann Sommer,Inter,Champions League / Serie A,ch SUI,47,4230,3.87,1.02,2.87,1.05,0.03,0.43,3.3,8.06,37.49,4.17,4.21,12.21,0.57,0.36,2.87,30.58,17.78
Yehvann Diouf,Reims,Ligue 1,sn SEN,34,3060,5.26,1.38,3.85,1.81,0.43,0.21,4.53,14.03,29.21,4.5,6.47,16.29,0.91,1.24,5.01,44.96,17.93
Yuri Lodygin,Panathinaikos,Europa Conference League,ru RUS,3,270,2.67,0.67,2.0,0.9,0.23,0.67,2.33,5.67,22.67,2.67,3.67,8.33,0.33,1.0,2.95,21.01,20.3
Zion Suzuki,Parma,Serie A,jp JPN,37,3314,4.07,1.44,2.69,1.4,-0.06,0.19,5.54,18.17,34.54,5.0,6.06,16.67,1.74,1.03,5.06,52.41,16.02
Ádám Varga,Ferencváros,Europa League,hu HUN,2,148,5.47,3.04,2.43,2.13,-0.91,0.0,10.34,21.28,26.76,1.22,10.95,9.12,0.61,0.0,1.72,41.61,
Álex Domínguez,Toulouse,Ligue 1,es ESP,1,19,0.0,0.0,0.0,0.0,0.0,4.74,9.47,23.68,37.89,4.74,14.21,33.16,0.0,0.0,3.75,69.3,
Álex Remiro,Real Sociedad,Europa League / La Liga,es ESP,45,4050,3.73,1.29,2.4,1.09,-0.2,0.33,5.0,13.44,29.51,3.2,6.33,12.51,0.82,1.16,3.43,49.66,17.88
Álvaro Fernández,Sevilla,La Liga,es ESP,9,747,4.34,1.93,2.41,1.34,-0.59,0.36,4.46,17.11,33.37,3.86,5.54,12.65,0.84,1.69,3.64,49.38,19.14
Ørjan Nyland,Sevilla,La Liga,no NOR,30,2673,3.77,1.31,2.46,1.25,-0.07,0.24,3.97,14.98,28.15,3.84,5.59,13.74,0.67,0.98,5.11,45.98,17.09
Đorđe Petrović,Strasbourg,Ligue 1,rs SRB,31,2790,4.74,1.23,3.55,1.47,0.24,0.32,3.77,11.65,46.39,4.1,3.45,15.84,1.32,1.52,2.35,45.57,17.96
İrfan Can Eğribayat,Fenerbahçe,Europa League,tr TUR,6,540,5.83,1.17,4.67,2.08,0.92,0.5,5.67,16.33,27.5,4.5,7.17,16.0,2.0,1.5,5.92,40.75,15.09
Łukasz Fabiański,West Ham,Premier League,pl POL,14,1160,5.51,1.63,3.88,1.75,0.08,0.16,5.97,17.53,30.57,4.27,7.76,17.07,0.78,0.93,4.99,45.13,19.07
Łukasz Skorupski,Bologna,Champions League / Serie A,pl POL,34,2994,3.34,1.23,2.1,1.21,-0.03,0.3,4.21,11.57,36.31,4.45,3.61,8.54,0.75,0.99,3.71,43.28,16.47
