Player,Nation,Position,Team,Age,Born,Matches Played,Starts,Minutes Played,Line Index,Passes Index
AJ Marcucci,us USA,GK,NY Red Bulls,25-353,1999,1,1,90,33,35
Adam Beaudry,us USA,GK,Colorado Rapids,19-092,2006,1,1,90,13,42
Adam Davies,wls WAL,GK,Sheffield Utd,32,1992,3,3,270,43,72
Adrian Šemper,hr CRO,GK,Pisa,26,1998,36,36,3240,64,68
Agustín Marchesín,ar ARG,GK,Boca Juniors,37-125,1988,16,16,1440,64,41
Agustín Rossi,ar ARG,GK,Flamengo,29-332,1995,19,19,1710,68,32
Alan Aguerre,ar ARG,GK,ar Cen. Córdoba–SdE,34-330,1990,22,22,1980,28,12
Aldair Quintana,co COL,GK,co CA Bucaramanga,31-008,1994,6,6,540,57,58
Alec Smir,us USA,GK,Minnesota Utd,26-097,1999,2,1,161,39,40
Alessandro Micai,it ITA,GK,Cosenza,31,1993,37,37,3296,47,73
Alessandro Russo,it ITA,GK,Sassuolo,23,2001,1,1,90,78,42
Alessandro Sorrentino,it ITA,GK,Frosinone,22,2002,2,2,180,19,54
Alessio Cragno,it ITA,GK,Sampdoria,30,1994,14,14,1260,60,66
Alex Muralha,br BRA,GK,Mirassol,35-251,1989,6,6,540,29,16
Alex Padilla,es ESP,GK,UNAM,20,2003,10,10,900,28,56
Alex Palmer,eng ENG,GK,West Brom,27,1996,30,30,2700,61,61
Alexis Martin Arias,ar ARG,GK,py Cerro Porteño,33-015,1992,3,3,270,40,62
Alexis Villa,ec ECU,GK,ec LDU de Quito,23-300,2001,1,0,14,43,59
Alfonso Blanco Antúnez,mx MEX,GK,León,37,1987,26,26,2340,59,65
Alfred Gomis,sn SEN,GK,Palermo,30,1993,1,1,36,48,61
Aljaž Ivačič,si SVN,GK,NE Revolution,31-202,1993,22,22,1980,37,23
Anatolii Trubin,ua UKR,GK,Benfica,22,2001,32,32,2880,65,35
Andre Blake,jm JAM,GK,Philadelphia Union,34-240,1990,14,14,1260,61,59
Andrea Fulignati,it ITA,GK,Cremonese,29,1994,38,38,3420,44,60
Andreas Jungdal,dk DEN,GK,Westerlo,22,2002,8,8,720,45,75
Andrew,br BRA,GK,Gil Vicente FC,23,2001,33,33,2970,46,56
Andrew Rick,us USA,GK,Philadelphia Union,19-170,2006,9,9,810,42,47
Andrew Tarbell,us USA,GK,Houston Dynamo,31-285,1993,4,4,306,25,47
Andrew Thomas,ru RUS,GK,Seattle Sounders,26-321,1998,4,4,360,30,19
Andries Noppert,nl NED,GK,Heerenveen,30,1994,16,16,1365,52,51
Andrés Gudiño,mx MEX,GK,Cruz Azul,27,1997,1,1,90,18,50
Andrés Sánchez,mx MEX,GK,Atlético,26,1997,30,30,2624,40,48
Angus Gunn,sct SCO,GK,Norwich City,28,1996,35,35,3104,38,40
Anthoni,br BRA,GK,Internacional,23-177,2002,18,17,1575,28,17
Anthony Moris,lu LUX,GK,Union SG,34,1990,30,30,2700,70,71
Anthony Patterson,eng ENG,GK,Sunderland,24,2000,42,42,3780,45,47
Arnaud Bodart,be BEL,GK,Standard Liège,26,1998,2,2,180,86,56
Arturo Delgado,mx MEX,GK,FC Juárez,22,2002,2,2,180,83,64
Axel Werner,ar ARG,GK,Rosario Central,29-141,1996,2,2,180,70,23
Aynsley Pears,eng ENG,GK,Blackburn,26,1998,40,40,3600,53,42
Balázs Tóth,hu HUN,GK,Blackburn,26,1997,6,6,540,73,23
Ben Killip,eng ENG,GK,Portsmouth,28,1995,2,2,180,57,81
Ben Wilson,eng ENG,GK,Coventry City,31,1992,4,4,360,60,45
Benjamin Lundt,de GER,GK,St. Louis,29-298,1995,9,9,810,52,70
Benny Díaz,mx MEX,GK,FC Juárez,25,1998,11,11,990,30,56
Blake Gillingham,us USA,GK,Houston Dynamo,22-281,2002,4,3,294,75,34
Boris Radunović,rs SRB,GK,Bari,28,1996,37,37,3311,69,50
Brad Guzan,us USA,GK,Atlanta Utd,40-313,1984,21,21,1890,36,62
Brad Stuver,us USA,GK,Austin,34-094,1991,22,22,1980,71,70
Bradley Collins,eng ENG,GK,Coventry City,27,1997,15,14,1313,23,56
Brayan Cortés,cl CHI,GK,cl Colo-Colo,30-130,1995,5,5,450,24,14
Brenno,br BRA,GK,Fortaleza,26-109,1999,1,1,90,53,38
Brian Araújo,fr FRA,GK,Gil Vicente FC,24,2000,1,1,90,39,61
Bruno Brigido,br BRA,GK,Estrela,33,1991,18,18,1575,31,44
Bruno Ferreira,br BRA,GK,Ceará,31-125,1994,6,6,513,55,42
Bruno Varela,cv CPV,GK,Vitória,29,1994,34,34,3060,42,41
C.J. dos Santos,us USA,GK,San Diego FC,24-329,2000,21,21,1890,51,44
Caio Secco,br BRA,GK,Moreirense,33,1990,5,5,447,40,25
Camilo Vargas,co COL,GK,Atlas,35,1989,31,31,2790,31,50
Carl Rushworth,eng ENG,GK,Hull City,23,2001,2,2,180,34,49
Carlos Acevedo,mx MEX,GK,Santos,28,1996,33,33,2970,31,61
Carlos Coronel,py PAR,GK,NY Red Bulls,28-202,1996,22,22,1980,65,34
Carlos Felipe Rodríguez,mx MEX,GK,UANL,35,1989,3,3,270,67,20
Carlos Lampe,bo BOL,GK,bo Bolívar,38-124,1987,1,1,90,76,59
Carlos Moreno,mx MEX,GK,Pachuca,26,1998,32,32,2880,37,71
Caíque França,br BRA,GK,Sport Recife,30-046,1995,11,11,990,38,38
Cesar López,mx MEX,GK,Atlético,24,2000,5,4,436,35,44
Cezary Miszta,pl POL,GK,Rio Ave,22,2001,26,26,2325,45,50
Chris Brady,us USA,GK,Chicago Fire,21-138,2004,16,16,1385,44,32
Cleiton Schwengber,br BRA,GK,RB Bragantino,27-334,1997,12,12,1080,55,49
Cláudio Ramos,pt POR,GK,Porto,32,1991,2,2,180,56,29
Colin Coosemans,be BEL,GK,Anderlecht,31,1992,28,28,2520,82,75
Conor Hazard,nir NIR,GK,Plymouth Argyle,26,1998,25,25,2250,60,59
Cássio,br BRA,GK,Cruzeiro,38-043,1987,14,14,1260,73,23
César,br BRA,GK,Boavista,32,1992,16,16,1440,43,42
Daniel,br BRA,GK,SJ Earthquakes,31-074,1994,19,19,1595,65,48
Daniel Azevedo,pt POR,GK,Casa Pia,26,1998,1,1,90,46,5
Daniel Bachmann,at AUT,GK,Watford,30,1994,22,22,1902,45,50
Daniel Bielica,pl POL,GK,NAC Breda,25,1999,32,32,2880,49,75
Daniel Figueira,pt POR,GK,Estoril,26,1998,1,1,90,20,34
Daniel Grimshaw,eng ENG,GK,Plymouth Argyle,26,1998,21,21,1890,35,55
Daniel Schmidt,jp JPN,GK,Gent,32,1992,1,1,90,88,39
David Bingham,us USA,GK,Charlotte,35-273,1989,2,2,180,79,22
David Cornell,wls WAL,GK,Preston,33,1991,10,9,811,28,74
David Ochoa,us USA,GK,LAFC,24-184,2001,1,1,90,24,22
David Ospina,co COL,GK,co Nacional,36-322,1988,5,5,450,58,78
Davor Matijas,hr CRO,GK,Beerschot,24,1999,10,9,852,29,35
Davy Roef,be BEL,GK,Gent,30,1994,26,26,2340,80,61
Dayne St. Clair,ca CAN,GK,Minnesota Utd,28-071,1997,19,19,1710,62,50
Demba Thiam,sn SEN,GK,Juve Stabia,26,1998,38,38,3420,71,62
Diant Ramaj,de GER,GK,Ajax,22,2001,1,1,90,63,25
Diego Enriquez,pe PER,GK,pe Sporting Cristal,23-176,2002,6,6,540,27,29
Diego Matías Rodríguez,ar ARG,GK,Arg Juniors,36-024,1989,17,17,1530,57,62
Diogo Costa,pt POR,GK,Porto,24,1999,32,32,2880,60,65
Drake Callender,us USA,GK,Inter Miami,27-285,1997,3,2,185,28,71
Earl Edwards Jr.,us USA,GK,SJ Earthquakes,33-176,1992,6,4,475,19,53
Edoardo Motta,it ITA,GK,Reggiana,19,2005,2,2,180,27,57
Eduardo García,mx MEX,GK,Guadalajara,22,2002,2,2,180,37,51
Egil Selvik,no NOR,GK,Watford,27,1997,16,16,1440,72,54
Elhan Kastrati,al ALB,GK,Cittadella,27,1997,29,29,2565,48,25
Emil Audero,id IDN,GK,Palermo,27,1997,14,14,1260,63,74
Enrique Bologna,ar ARG,GK,Defensa y Just,43-156,1982,17,17,1530,57,71
Esteban Andrada,ar ARG,GK,Monterrey,33,1991,24,24,2160,56,73
Ethan Horvath,us USA,GK,Cardiff City,29,1995,17,17,1530,23,33
Etienne Vaessen,sr SUR,GK,Groningen,29,1995,32,32,2880,56,69
Evan Bush,us USA,GK,Columbus Crew,39-135,1986,5,5,450,48,28
Ezequiel Centurión,ar ARG,GK,Ind. Rivadavia,28-060,1997,17,17,1530,63,49
Ezequiel Unsain,ar ARG,GK,Necaxa,29,1995,34,34,3060,45,60
Fabian de Keijzer,nl NED,GK,Heracles Almelo,24,2000,34,34,3060,33,67
Facundo Cambeses,ar ARG,GK,Racing Club,28-101,1997,5,4,421,33,23
Facundo Sanguinetti,ar ARG,GK,Banfield,24-140,2001,17,17,1530,62,46
Federico Lanzillota,ar ARG,GK,bo Bolívar,32-230,1992,3,3,270,29,40
Felipe Zenobio,ar ARG,GK,Tigre,25-058,2000,17,17,1530,71,41
Fernando Miguel,br BRA,GK,Ceará,40-167,1985,8,7,657,77,48
Fernando Muslera,uy URU,GK,Estudiantes–LP,39-033,1986,1,1,90,75,53
Fernando Tapia,mx MEX,GK,UANL,23,2001,3,3,270,77,48
Fernando de Paul,cl CHI,GK,cl Colo-Colo,34-085,1991,1,1,90,68,52
Francesco Bardi,it ITA,GK,Reggiana,32,1992,36,36,3240,36,31
Francesco Corriere,it ITA,GK,Salernitana,18,2006,1,0,47,10,77
Francisco Meixedo,pt POR,GK,Estrela,23,2001,1,0,45,73,87
Franco Armani,ar ARG,GK,ar River Plate,38-276,1986,23,23,2070,59,40
Franco Israel,uy URU,GK,Sporting CP,24,2000,11,11,990,34,31
Franco Petroli,ar ARG,GK,Godoy Cruz,27-038,1998,17,17,1530,66,78
Freddie Woodman,eng ENG,GK,Preston,27,1997,37,37,3329,45,85
Fábio,br BRA,GK,Fluminense,44-292,1980,12,12,1080,40,25
Gabriel,br BRA,GK,Vitória,32-295,1992,2,2,180,7,14
Gabriel Arias,cl CHI,GK,Racing Club,37-309,1987,19,19,1646,62,36
Gabriel Batista,br BRA,GK,Santa Clara,26,1998,34,34,3060,53,43
Gabriel Brazão,br BRA,GK,Santos,24-287,2000,13,13,1170,49,28
Gabriel Castellón,cl CHI,GK,cl U de Chile,31-314,1993,6,6,540,52,36
Gabriel Delfim,br BRA,GK,Atlético Mineiro,23-009,2002,1,1,90,32,27
Gastón Olveira,uy URU,GK,py Olimpia,32-089,1993,3,3,270,27,44
Gatito Fernández,py PAR,GK,py Cerro Porteño,37-112,1988,3,3,270,48,47
Gavin Bazunu,ie IRL,GK,Standard Liège,22,2002,6,6,540,30,48
George Evans,eng ENG,GK,Millwall,19,2005,4,4,360,28,60
George Long,eng ENG,GK,Norwich City,30,1993,9,8,765,25,41
Giacomo Drago,it ITA,GK,Südtirol,23,2001,5,5,450,34,38
Giacomo Poluzzi,it ITA,GK,Südtirol,36,1988,18,18,1620,37,70
Giacomo Satalino,it ITA,GK,Sassuolo,25,1999,10,10,900,65,48
Gil Alcalá,mx MEX,GK,UNAM,32,1992,4,4,360,48,77
Gonzalo Valle,ec ECU,GK,ec LDU de Quito,29-141,1996,6,6,526,80,58
Guido Herrera,ar ARG,GK,ar Talleres,33-140,1992,19,19,1665,41,58
Guido Villar,ar ARG,GK,ec Independiente,27-154,1998,6,6,540,27,32
Guillaume Dietsch,fr FRA,GK,Dender,23,2001,1,0,49,12,8
Guillermo Allison,mx MEX,GK,Querétaro,33,1990,25,25,2250,47,51
Guillermo Ochoa,mx MEX,GK,AVS Futebol,39,1985,23,23,2070,29,62
Guillermo Vizcarra,bo BOL,GK,pe Alianza Lima,32-162,1993,6,6,540,23,70
Guillermo de Amores,uy URU,GK,uy Peñarol,30-273,1994,3,3,270,48,44
Gustavo,br BRA,GK,Juventude,32-131,1993,7,7,585,31,40
Harlen Castillo,co COL,GK,co Nacional,31-336,1993,1,1,90,56,41
Hendrik Van Crombrugge,be BEL,GK,Genk,31,1993,19,19,1710,44,69
Hernán Galíndez,ec ECU,GK,Huracán,38-111,1987,16,16,1440,67,37
Hidde Jurjus,nl NED,GK,Groningen,30,1994,2,2,180,18,67
Horaţiu Moldovan,ro ROU,GK,Sassuolo,26,1998,27,27,2430,61,35
Hugo González Durán,mx MEX,GK,Mazatlán,33,1990,34,34,3015,51,68
Hugo Lloris,fr FRA,GK,LAFC,38-205,1986,18,18,1620,45,55
Hugo Souza,br BRA,GK,Corinthians,26-169,1999,9,9,810,48,41
Héctor Holguín,mx MEX,GK,Santos,23,2001,1,1,90,62,42
Ignacio Arce,ar ARG,GK,Deportivo Riestra,33-102,1992,17,17,1530,87,63
Ignacio De Arruabarrena,uy URU,GK,ec Barcelona,28-184,1997,2,1,144,28,26
Illan Meslier,fr FRA,GK,Leeds United,24,2000,39,39,3510,52,34
Ivan Zlobin,ru RUS,GK,Famalicão,27,1997,15,15,1350,71,35
Ivor Pandur,hr CRO,GK,Hull City,24,2000,44,44,3960,52,42
Jacob Widell Zetterström,se SWE,GK,Derby County,26,1998,40,40,3600,54,55
Jacopo Sassi,it ITA,GK,Modena,21,2003,1,1,90,15,73
Jak Alnwick,eng ENG,GK,Cardiff City,31,1993,29,29,2610,43,42
James Beadle,eng ENG,GK,Sheffield Weds,20,2004,38,38,3420,35,50
James Pantemis,ca CAN,GK,Portland Timbers,28-148,1997,12,12,1080,63,69
James Shea,eng ENG,GK,Luton Town,33,1991,2,1,147,85,67
James Trafford,eng ENG,GK,Burnley,21,2002,45,45,4050,72,43
Jamie Cumming,eng ENG,GK,Oxford United,24,1999,45,45,4050,67,70
Jari De Busser,be BEL,GK,Go Ahead Eag,24,1999,16,16,1440,49,60
Jasper Schendelaar,nl NED,GK,Zwolle,23,2000,30,30,2700,66,64
Javier Burrai,ec ECU,GK,ar Talleres,34-283,1990,5,4,405,68,71
Javier Otero,ve VEN,GK,Orlando City,22-243,2002,2,2,180,66,42
Jayden Hibbert,jm JAM,GK,Atlanta Utd,20-348,2004,1,1,90,48,30
Jeffrey Gal,us USA,GK,Chicago Fire,32-104,1993,7,6,591,28,37
Jeroen Houwen,nl NED,GK,RKC Waalwijk,28,1996,24,24,2160,38,77
Jeroen Zoet,nl NED,GK,AZ Alkmaar,33,1991,6,6,540,42,57
Jesús Camargo,ve VEN,GK,ve Dep Táchira,27-219,1997,6,6,540,50,46
Jesús Rodríguez,mx MEX,GK,Puebla,31,1993,4,4,360,50,75
Jhonatan,br BRA,GK,Rio Ave,33,1991,8,8,720,40,50
Jimmy Maurer,us USA,GK,Houston Dynamo,36-278,1988,2,1,120,43,43
Jo Coppens,be BEL,GK,Sint-Truiden,33,1990,3,3,270,10,40
Joe Walsh,eng ENG,GK,QPR,22,2002,1,1,90,83,60
Joe Wildsmith,eng ENG,GK,West Brom,28,1995,10,10,900,47,63
Joe Willis,us USA,GK,Nashville SC,36-343,1988,23,23,2070,64,53
Joel Drommel,nl NED,GK,PSV Eindhoven,27,1996,1,0,45,34,78
Joel Robles,es ESP,GK,Estoril,34,1990,29,29,2610,56,52
Joey Kesting,nl NED,GK,RKC Waalwijk,23,2001,3,3,270,36,72
John,br BRA,GK,Botafogo (RJ),29-156,1996,19,19,1710,70,56
John McCarthy,us USA,GK,LA Galaxy,33-015,1992,11,11,990,25,25
John Pulskamp,us USA,GK,Sporting KC,24-091,2001,22,22,1980,42,36
Jonas Wendlinger,at AUT,GK,Almere City,24,2000,1,0,10,48,58
Jonathan Bond,eng ENG,GK,Houston Dynamo,32-061,1993,24,23,2148,38,47
Jonathan Klinsmann,us USA,GK,Cesena,27,1997,27,27,2430,53,24
Jonathan Sirois,ca CAN,GK,CF Montréal,24-022,2001,20,20,1800,39,56
Jordan Archer,sct SCO,GK,Portsmouth,31,1993,2,1,150,65,41
Jorge Broun,ar ARG,GK,Rosario Central,39-054,1986,15,15,1350,56,64
Jorge Carranza,ar ARG,GK,Aldosivi,44-073,1981,13,13,1170,29,59
Jorge Hernández,mx MEX,GK,Querétaro,25,1998,9,9,810,44,17
Josh Vickers,eng ENG,GK,Derby County,28,1995,6,6,540,63,46
Joshua Griffiths,eng ENG,GK,West Brom,22,2001,6,6,540,21,50
Josue Reinatti,ar ARG,GK,Newell's OB,22-047,2003,2,2,180,66,64
José Antonio Rodríguez,mx MEX,GK,Tijuana,32,1992,21,21,1880,43,76
José Contreras Verna,ve VEN,GK,ec Barcelona,30-272,1994,5,5,396,84,24
José Corona,mx MEX,GK,Tijuana,43,1981,11,10,910,54,49
José Eulogio,mx MEX,GK,Pachuca,20,2004,2,2,180,8,43
José Rangel Aguilar,mx MEX,GK,Guadalajara,24,2000,32,32,2879,62,63
José Santiago Hernández,mx MEX,GK,Atlas,27,1997,3,3,270,31,34
João Gonçalves,pt POR,GK,Boavista,23,2000,4,4,360,62,50
João Paulo Santos Costa,pt POR,GK,Estrela,28,1996,14,14,1260,55,57
João Ricardo Riedi,br BRA,GK,Fortaleza,36-316,1988,18,18,1620,77,52
João Valido,pt POR,GK,Arouca,24,2000,5,5,450,50,49
Juan Cozzani,ar ARG,GK,Platense,26-283,1998,17,17,1530,70,31
Juan Espínola,py PAR,GK,Belgrano,30-259,1994,11,11,990,29,58
Juan González,uy URU,GK,Atlé Tucumán,32-009,1993,6,6,540,64,61
Juan Zozaya,ar ARG,GK,Cen. Córdoba–SdE,24-038,2001,2,2,180,49,30
Julien Devriendt,be BEL,GK,Dender,25,1998,4,3,315,27,46
Julio José González,mx MEX,GK,UNAM,33,1991,19,19,1710,47,53
Justin Bijlow,nl NED,GK,Feyenoord,26,1998,4,4,360,20,53
Kaique,br BRA,GK,Farense,21,2003,6,6,540,59,62
Karl Darlow,wls WAL,GK,Leeds United,33,1990,7,7,630,55,44
Kevin Chamorro,cr CRC,GK,Estoril,24,2000,4,4,360,72,17
Kevin Mier,co COL,GK,Cruz Azul,24,2000,33,33,2970,49,49
Kewin,br BRA,GK,Moreirense,28,1995,29,29,2610,43,62
Keylor Navas,cr CRC,GK,Newell's OB,38-216,1986,14,14,1260,77,64
Kim Joonhong,kr KOR,GK,D.C. United,22-046,2003,7,7,630,34,71
Koen Van Langendonck,be BEL,GK,Westerlo,35,1989,10,10,900,50,66
Kostas Lamprou,gr GRE,GK,NAC Breda,32,1991,1,1,90,10,83
Kristijan Kahlina,hr CRO,GK,Charlotte,32-360,1992,21,21,1890,41,49
Lars Unnerstall,de GER,GK,Twente,34,1990,31,31,2790,41,49
Laurent Henkinet,be BEL,GK,Standard Liège,31,1992,4,4,315,84,44
Lautaro Morales,ar ARG,GK,Lanús,25-215,1999,1,1,90,32,30
Lawrence Vigouroux,cl CHI,GK,Swansea City,30,1993,46,46,4140,49,72
Lazar Carević,me MNE,GK,Famalicão,25,1999,18,18,1620,62,47
Leandro Brey,ar ARG,GK,Boca Juniors,22-301,2002,2,2,180,48,36
Leandro Chichizola,ar ARG,GK,Spezia,34,1990,11,11,990,51,74
Leo Kokubo,jp JPN,GK,Sint-Truiden,23,2001,27,27,2430,48,50
Leonardo Loria,it ITA,GK,Pisa,25,1999,1,1,90,11,24
Liam Roberts,eng ENG,GK,Millwall,29,1994,2,1,91,85,23
Lorenzo Andrenacci,it ITA,GK,Brescia,29,1995,1,1,90,70,58
Luca Lezzerini,it ITA,GK,Brescia,29,1995,37,37,3330,57,60
Luca Maniero,it ITA,GK,Cittadella,29,1995,10,9,855,64,54
Luca Plogmann,de GER,GK,Go Ahead Eag,24,2000,18,18,1620,27,41
Lucas Acosta,ar ARG,GK,Sarmiento,30-129,1995,17,17,1530,74,46
Lucas Arcanjo,br BRA,GK,Vitória,26-345,1998,13,13,1170,73,43
Lucas Bruera,ar ARG,GK,ve Carabobo,27-273,1997,6,6,540,27,9
Lucas França,br BRA,GK,Nacional,28,1996,33,33,2925,62,46
Lucas Pirard,be BEL,GK,Kortrijk,29,1995,7,5,543,64,72
Lucas Verza,py PAR,GK,py Olimpia,24-096,2001,1,1,90,79,47
Lucão,br BRA,GK,RB Bragantino,24-143,2001,2,2,180,77,27
Luigi Sepe,it ITA,GK,Salernitana,33,1991,18,18,1575,51,36
Luis Barraza,us USA,GK,D.C. United,28-253,1996,16,16,1440,48,53
Luis Cárdenas,mx MEX,GK,Monterrey,30,1993,10,10,900,38,64
Luis Ingolotti,ar ARG,GK,Gimnasia–LP,25-186,2000,3,3,270,32,37
Luis Manuel García,mx MEX,GK,Toluca,31,1992,5,5,450,27,37
Luis Mejía,pa PAN,GK,uy Nacional,34-125,1991,6,6,540,58,9
Luis Ángel Malagón,mx MEX,GK,América,27,1997,29,29,2565,41,44
Luiz Lúcio Reis Júnior,br BRA,GK,Famalicão,23,2001,1,1,90,81,93
Lukas Jensen,dk DEN,GK,Millwall,25,1999,41,41,3689,54,32
Lukáš Horníček,cz CZE,GK,Braga,22,2002,17,17,1530,72,52
Luuk Koopmans,nl NED,GK,Fortuna Sittard,30,1993,6,6,540,26,54
Léo Jardim,br BRA,GK,Vasco da Gama,30-121,1995,13,13,1170,35,25
Maarten Paes,id IDN,GK,FC Dallas,27-066,1998,20,20,1800,41,64
Mads Kikkenborg,dk DEN,GK,Anderlecht,24,1999,2,2,180,70,61
Manuel Roffo,ar ARG,GK,Instituto,25-106,2000,17,17,1530,51,46
Manuel Vicentini,ar ARG,GK,Belgrano,35-091,1990,5,5,450,73,40
Marcelo Lomba,br BRA,GK,br Palmeiras,38-213,1986,1,1,90,62,49
Marco Bleve,it ITA,GK,Carrarese,28,1995,24,24,2092,82,72
Marco Festa,it ITA,GK,Mantova,32,1992,38,38,3420,48,41
Marco Pissardo,it ITA,GK,Bari,26,1998,2,1,109,46,68
Marco Silvestri,it ITA,GK,Sampdoria,33,1991,7,7,630,27,31
Marcos Felipe,br BRA,GK,Bahia,29-097,1996,14,13,1242,60,62
Marcos Ignacio Ledesma,ar ARG,GK,Barracas Central,28-307,1996,17,17,1530,51,54
Marcão,br BRA,GK,Juventude,33-135,1992,6,5,495,65,31
Marino Arzamendia,py PAR,GK,py Olimpia,27-181,1998,2,2,180,17,65
Marius Adamonis,lt LTU,GK,Südtirol,27,1997,15,15,1350,56,58
Mark Spenkelink,nl NED,GK,RKC Waalwijk,27,1997,4,4,360,16,59
Mark Travers,ie IRL,GK,Middlesbrough,25,1999,17,17,1530,69,26
Marko Gudžulić,rs SRB,GK,Estrela,22,2002,2,2,180,48,62
Marko Ilić,rs SRB,GK,Kortrijk,26,1998,5,5,425,61,69
Martin Delavallée,be BEL,GK,Charleroi,20,2004,8,8,720,61,83
Martín Campaña,uy URU,GK,uy Peñarol,36-051,1989,3,3,270,66,41
Martín Silva,uy URU,GK,py Libertad,42-116,1983,1,1,90,38,29
Matheus,br BRA,GK,Ajax,32,1992,26,26,2340,48,46
Matheus Donelli,br BRA,GK,Corinthians,23-063,2002,5,5,450,42,32
Matheus Teixeira,br BRA,GK,Rio Ave,25,1999,1,0,15,34,20
Matt Freese,us USA,GK,NYCFC,26-320,1998,19,19,1710,62,36
Matt Ingram,eng ENG,GK,Oxford United,30,1993,1,1,90,12,44
Matteo Pisseri,it ITA,GK,Cesena,32,1991,11,11,990,40,35
Matthieu Epolo,be BEL,GK,Standard Liège,20,2004,19,18,1665,78,53
Mattijs Branderhorst,nl NED,GK,Fortuna Sittard,30,1993,28,28,2520,63,53
Matías Borgogno,ar ARG,GK,San Martín de San Juan,26-332,1998,17,17,1530,53,58
Matías Mansilla,ar ARG,GK,ar Estudiantes–LP,29-154,1996,23,23,2070,49,48
Matías Tagliamonte,ar ARG,GK,Unión,27-150,1998,4,4,360,62,45
Max O'Leary,ie IRL,GK,Bristol City,27,1996,46,46,4140,50,58
Maxence Prevot,fr FRA,GK,OH Leuven,27,1997,1,1,90,79,93
Maxime Crépeau,ca CAN,GK,Portland Timbers,31-069,1994,10,10,900,45,64
Maxime Delanghe,be BEL,GK,Cercle Brugge,23,2001,21,21,1881,56,32
Michael Brouwer,nl NED,GK,Utrecht,31,1993,3,3,270,74,56
Michael Collodi,us USA,GK,FC Dallas,24-055,2001,2,2,180,63,42
Michael Cooper,eng ENG,GK,Sheffield Utd,24,1999,43,43,3870,72,73
Michael Verrips,nl NED,GK,Dender,27,1996,27,27,2336,58,49
Michele Cerofolini,it ITA,GK,Frosinone,25,1999,36,36,3240,56,45
Mickey van der Hart,nl NED,GK,Heerenveen,30,1994,19,18,1695,61,59
Miguel Jiménez Ponce,mx MEX,GK,Puebla,34,1990,24,24,2160,36,35
Miguel Ortega,mx MEX,GK,Tijuana,29,1995,3,3,270,35,64
Mika,pt POR,GK,Moreirense,33,1991,1,0,3,43,20
Mike Hauptmeijer,nl NED,GK,Zwolle,27,1997,4,4,360,37,74
Mike Penders,be BEL,GK,Genk,19,2005,11,11,989,69,71
Mirko Pigliacelli,it ITA,GK,Catanzaro,31,1993,38,38,3420,61,66
Mohamed Koné,ci CIV,GK,Charleroi,22,2002,21,21,1890,70,72
Mouhamadou Sarr,sn SEN,GK,Spezia,27,1997,4,4,360,56,49
Nahuel Guzmán,ar ARG,GK,UANL,38,1986,28,28,2519,66,69
Nahuel Losada,ar ARG,GK,Lanús,32-093,1993,16,16,1440,80,59
Nelson Insfrán,ar ARG,GK,Gimnasia–LP,30-056,1995,14,14,1260,77,54
Niccolò Chiorra,it ITA,GK,Carrarese,23,2001,2,1,158,8,14
Nicholas Hagen,gt GUA,GK,Columbus Crew,28-351,1996,3,3,270,33,15
Nicholas Hansen,dk DEN,GK,Colorado Rapids,24-009,2001,10,10,900,66,43
Nick Gillekens,be BEL,GK,Westerlo,29,1995,1,1,90,59,91
Nick Olij,nl NED,GK,Sparta R'dam,28,1995,34,34,3060,61,85
Nick Shinton,be BEL,GK,Beerschot,23,2001,21,21,1845,57,46
Nico Mantl,de GER,GK,Arouca,24,2000,29,29,2610,43,54
Nicola Ravaglia,it ITA,GK,Carrarese,35,1988,2,1,158,56,50
Nicolas Schmid,at AUT,GK,Portsmouth,27,1997,35,35,3090,45,60
Nordin Bakker,nl NED,GK,Almere City,26,1997,34,34,3050,41,66
Nordin Jackers,be BEL,GK,Club Brugge,26,1997,1,0,31,33,98
Novak Mićović,rs SRB,GK,LA Galaxy,23-267,2001,12,12,1080,44,26
Nícolas Andrade,br BRA,GK,Pisa,36,1988,1,1,90,34,38
Oliver Christensen,dk DEN,GK,Salernitana,25,1999,16,16,1440,64,60
Oliver Dovin,se SWE,GK,Coventry City,22,2002,28,28,2467,51,38
Orlando Gil,py PAR,GK,San Lorenzo,25-038,2000,17,17,1530,57,39
Ortwin De Wolf,be BEL,GK,Mechelen,27,1997,30,30,2700,68,62
Oscar Jiménez,mx MEX,GK,León,35,1988,8,8,720,51,68
Pablo Lara,mx MEX,GK,UNAM,19,2005,7,7,630,45,52
Pablo Sisniega,mx MEX,GK,San Diego FC,30-012,1995,2,2,180,64,40
Paolo Vismara,it ITA,GK,Sampdoria,21,2003,10,7,753,50,31
Patrick Schulte,us USA,GK,Columbus Crew,24-128,2001,15,15,1350,38,42
Patrick Sequeira,cr CRC,GK,Casa Pia,25,1999,32,32,2880,63,47
Patrik Gunnarsson,is ISL,GK,Kortrijk,23,2000,11,11,922,35,72
Pau López,es ESP,GK,Toluca,29,1994,10,10,900,31,43
Paul Nardi,fr FRA,GK,QPR,30,1994,45,45,4050,35,54
Pedro Gallese,pe PER,GK,Orlando City,35-146,1990,21,21,1890,50,40
Pierce Charles,nir NIR,GK,Sheffield Weds,19,2005,8,8,720,65,84
Plamen Andreev,bg BUL,GK,Feyenoord,19,2004,1,1,90,25,65
Przemysław Tytoń,pl POL,GK,Twente,37,1987,3,3,270,18,79
Rafael Cabral,br BRA,GK,Real Salt Lake,35-060,1990,22,22,1980,58,49
Rafael Pires,br BRA,GK,São Paulo,36-026,1989,20,20,1800,54,12
Randall Rodríguez,uy URU,GK,Vélez Sarsfield,21-232,2003,1,1,90,25,43
Remko Pasveer,nl NED,GK,Ajax,40,1983,24,24,2160,72,84
Ricardo Batista,pt POR,GK,Casa Pia,37,1986,1,1,90,25,40
Ricardo Gutiérrez,mx MEX,GK,Mazatlán,27,1997,1,0,45,68,41
Ricardo Velho,pt POR,GK,Farense,25,1998,28,28,2520,56,55
Riccardo Gagno,it ITA,GK,Modena,27,1997,37,37,3330,42,53
Robin Roefs,nl NED,GK,NEC Nijmegen,21,2003,32,32,2880,72,63
Rocco Ríos Novo,ar ARG,GK,Inter Miami,23-045,2002,4,1,250,27,62
Rodolfo Cota,mx MEX,GK,América,37,1987,6,5,495,48,40
Rodrigo Morínigo,py PAR,GK,py Libertad,26-285,1998,5,5,450,65,60
Rodrigo Rey,ar ARG,GK,Independiente,34-133,1991,17,17,1530,58,64
Rodrigo Saracho,ar ARG,GK,bo San Antonio Bulo Bulo,31-194,1994,6,6,540,39,50
Roman Bürki,ch SUI,GK,St. Louis,34-247,1990,13,13,1170,55,72
Roman Celentano,us USA,GK,FC Cincinnati,24-308,2000,23,23,2070,51,42
Rome-Jayden Owusu-Oduro,nl NED,GK,AZ Alkmaar,20,2004,28,28,2520,39,44
Ronaldo,br BRA,GK,Bahia,28-331,1996,6,6,468,79,49
Roy Kortsmit,nl NED,GK,NAC Breda,31,1992,1,1,90,36,70
Rubén Cordano,bo BOL,GK,bo Bolívar,26-276,1998,2,2,180,22,51
Rui Encarnação,pt POR,GK,Nacional,26,1998,2,1,135,11,26
Rui Silva,pt POR,GK,Sporting CP,30,1994,17,17,1530,54,24
Salvatore Sirigu,it ITA,GK,Palermo,37,1987,3,3,270,33,45
Samuel Soares,pt POR,GK,Benfica,22,2002,2,2,180,81,28
Samuele Perisan,it ITA,GK,Sampdoria,26,1997,1,1,57,66,30
Sean Johnson,us USA,GK,Toronto FC,36-049,1989,22,22,1980,65,36
Sebastian Breza,ca CAN,GK,CF Montréal,27-126,1998,3,3,270,34,41
Sebastiano Desplanches,it ITA,GK,Palermo,21,2003,21,20,1854,42,58
Sebastián Britos,uy URU,GK,pe Universitario,37-198,1988,6,6,540,75,54
Sebastián Jurado,mx MEX,GK,FC Juárez,26,1997,21,21,1890,35,31
Sebastián Meza,ar ARG,GK,Huracán,25-127,2000,1,1,90,5,7
Senne Lammens,be BEL,GK,Antwerp,22,2002,30,30,2700,81,69
Seny Dieng,sn SEN,GK,Middlesbrough,29,1994,17,17,1530,32,32
Sergio Rochet,uy URU,GK,Internacional,32-118,1993,2,2,135,74,39
Simon Mignolet,be BEL,GK,Club Brugge,36,1988,30,30,2669,50,66
Simon Moore,eng ENG,GK,Sunderland,34,1990,4,4,360,58,43
Simone Ghidotti,it ITA,GK,Sampdoria,24,2000,9,9,720,78,43
Simão Bertelli,br BRA,GK,AVS Futebol,31,1993,11,11,990,71,65
Sinan Bolat,tr TUR,GK,Westerlo,35,1988,11,11,990,44,65
Solomon Brynn,eng ENG,GK,Middlesbrough,23,2000,6,6,509,57,33
Stefan Frei,ch SUI,GK,Seattle Sounders,39-090,1986,18,18,1620,44,32
Stefano Gori,it ITA,GK,Spezia,28,1996,23,23,2070,58,66
Stijn van Gassel,nl NED,GK,NEC Nijmegen,27,1996,2,2,180,64,38
Thiago Cardozo,uy URU,GK,Unión,28-353,1996,15,15,1346,52,36
Thomas Didillon,fr FRA,GK,Willem II,28,1995,34,34,3060,59,69
Thomas Hasal,ca CAN,GK,LAFC,26-010,1999,1,1,90,27,32
Thomas Kaminski,be BEL,GK,Luton Town,31,1992,45,45,3990,37,65
Thomas Vettorel,it ITA,GK,Cosenza,23,2000,2,1,124,17,42
Théo Defourny,be BEL,GK,Charleroi,32,1992,1,1,90,13,14
Tiago Volpi,br BRA,GK,Grêmio,34-212,1990,32,32,2880,70,71
Timon Wellenreuther,de GER,GK,Feyenoord,28,1995,29,29,2610,65,68
Tobe Leysen,be BEL,GK,OH Leuven,22,2002,29,29,2610,75,76
Tom Glover,au AUS,GK,Middlesbrough,26,1997,7,6,571,41,52
Tom Vandenberghe,be BEL,GK,Gent,31,1992,12,12,1080,41,70
Tomas Romero,sv SLV,GK,NYCFC,24-212,2000,3,3,270,73,34
Tomás Durso,ar ARG,GK,Atlé Tucumán,26-143,1999,11,11,990,52,60
Tomás Marchiori,ar ARG,GK,ar Vélez Sarsfield,30-029,1995,22,22,1980,44,23
Tomáš Vaclík,cz CZE,GK,Boavista,35,1989,12,12,1080,59,68
Tomé,pt POR,GK,Boavista,17,2006,2,2,180,11,40
Vasilios Barkas,gr GRE,GK,Utrecht,30,1994,31,31,2790,50,60
Vicente Reyes,cl CHI,GK,Norwich City,20,2003,4,3,271,15,24
Viktor Johansson,se SWE,GK,Stoke City,25,1998,46,46,4140,73,53
Vincenzo Fiorillo,it ITA,GK,Salernitana,34,1990,17,16,1366,31,43
Vladan Kovačević,ba BIH,GK,Sporting CP,26,1998,6,6,540,35,21
Václav Hladký,cz CZE,GK,Burnley,33,1990,1,1,90,77,34
Walter,br BRA,GK,Mirassol,37-243,1987,6,6,540,84,67
Walter Benítez,ar ARG,GK,PSV Eindhoven,31,1993,34,34,3015,42,62
Warleson,br BRA,GK,Cercle Brugge,27,1996,10,9,817,61,55
Wessel Speel,0,GK,Minnesota Utd,0,0,3,3,199,15,38
Will Norris,eng ENG,GK,Portsmouth,30,1993,8,8,720,28,67
Williams Barlasina,ar ARG,GK,Aldosivi,27-020,1998,5,5,450,25,43
Wéverton,br BRA,GK,Palmeiras,37-218,1987,17,17,1530,67,25
Yanick van Osch,nl NED,GK,RKC Waalwijk,27,1997,3,3,270,60,78
Yohei Takaoka,jp JPN,GK,Vancouver W'caps,29-125,1996,22,22,1980,52,41
Zack Steffen,us USA,GK,Colorado Rapids,30-108,1995,13,13,1170,70,57
Éverson,br BRA,GK,Atlético Mineiro,34-362,1990,12,12,1080,69,66
Óscar Ustari,ar ARG,GK,Inter Miami,39-016,1986,17,17,1362,35,74
